plot_id,predicted_yield_tons_per_ha
PLOT-017296,3.4317727377882576
PLOT-017259,2.544618098265571
PLOT-016178,2.298866073089797
PLOT-018610,3.1008126712131685
PLOT-015109,2.6763981608483665
PLOT-016351,2.964878084997089
PLOT-017917,1.6864398315674252
PLOT-016422,2.481328782841765
PLOT-018085,3.1971312304924284
PLOT-015051,3.345253325715877
PLOT-018124,1.2329367132907252
PLOT-016442,2.8197026307524657
PLOT-016032,1.7177219379444408
PLOT-016414,3.4957223758031226
PLOT-018385,3.2145600392631555
PLOT-015539,6.344432493992205
PLOT-018115,4.4627379337379605
PLOT-017927,3.0544661831817375
PLOT-015687,3.0060254231897647
PLOT-015584,1.1131297452973075
PLOT-015219,2.1987687538997944
PLOT-016803,2.628639646940818
PLOT-015474,1.8520637854900326
PLOT-017984,3.000485504924327
PLOT-017147,2.40329977416674
PLOT-017440,1.8380217213249814
PLOT-018208,1.8904692192633161
PLOT-016703,1.6316751906734328
PLOT-015643,1.840769668811151
PLOT-016058,2.1466502990455885
PLOT-015075,0.8376440593695268
PLOT-016661,1.015276119731887
PLOT-018508,6.08158051688694
PLOT-017437,2.5077974710529665
PLOT-017258,3.3539323904347818
PLOT-017063,3.077705820239441
PLOT-017838,3.3679589545946658
PLOT-017079,0.7137451602606206
PLOT-015569,3.8367516118411924
PLOT-016146,3.4375160668161326
PLOT-016884,5.226564267300217
PLOT-016578,0.6624989049365454
PLOT-017559,2.0722573615590827
PLOT-017720,3.1129582457458054
PLOT-015369,2.3243885058184226
PLOT-017876,3.607293418956645
PLOT-017847,3.4654143754797446
PLOT-017730,0.746931732721101
PLOT-015531,1.9650650609419087
PLOT-015062,3.600719383018837
PLOT-015438,3.4517388948387655
PLOT-018698,2.899308689791537
PLOT-016680,2.1224478800553244
PLOT-017845,3.977798911182458
PLOT-015412,0.7357413439881532
PLOT-018488,3.9487905476610106
PLOT-015774,2.5131823842302468
PLOT-017199,5.44746279016634
PLOT-018697,4.860815521814695
PLOT-016729,1.9517388784300065
PLOT-017556,0.8935750152838559
PLOT-018475,2.3411984771009187
PLOT-016568,0.9552669983707078
PLOT-017444,2.1441056839567114
PLOT-015186,4.9931141905621
PLOT-015262,3.893240279127971
PLOT-017650,1.513402485907089
PLOT-016963,5.826297203218919
PLOT-017561,1.1353951949605725
PLOT-015259,5.522767773661339
PLOT-016841,2.9456598718915195
PLOT-015400,5.598025316364791
PLOT-017374,3.737388830935133
PLOT-015098,4.549011260764306
PLOT-015360,2.238951555824857
PLOT-015196,2.849024290992099
PLOT-018417,2.6013776982164813
PLOT-015807,3.348209189352805
PLOT-015684,2.8761206981386276
PLOT-017498,2.312807106250871
PLOT-017369,3.0166981930822963
PLOT-017803,1.1933485566111681
PLOT-015637,2.853786627765047
PLOT-017933,2.3469329422892526
PLOT-016271,1.1910241519035765
PLOT-016297,2.641505006535606
PLOT-016902,2.192597197369083
PLOT-016443,1.147676385719376
PLOT-016082,2.114341380987412
PLOT-017071,3.719134677243332
PLOT-017173,2.684568724802604
PLOT-016550,3.348046147255965
PLOT-018477,3.0775342568818194
PLOT-016395,3.756523473534342
PLOT-015694,2.222383630038918
PLOT-017865,0.8465283197922888
PLOT-016675,3.2844700511989227
PLOT-015961,2.5897542993809664
PLOT-016334,2.441117669659178
PLOT-015767,3.0108255913798185
PLOT-018394,2.347782397554924
PLOT-016209,1.5861642515040777
PLOT-018458,2.484689843867917
PLOT-016268,2.9071208735883163
PLOT-017460,2.7736775295172524
PLOT-017620,2.221542825503823
PLOT-017019,1.2776892811946907
PLOT-016195,5.2687107463952065
PLOT-018158,2.3657236439057323
PLOT-016354,1.7067606756820697
PLOT-017348,5.6472413774188
PLOT-017165,3.0278084661580773
PLOT-015433,0.954449392840235
PLOT-018119,1.3383785842395701
PLOT-016625,2.0606223942391186
PLOT-017493,4.633138569626108
PLOT-018521,0.8636837445527333
PLOT-018018,5.5878978348233375
PLOT-015445,0.7756516953921686
PLOT-017119,4.527299335717839
PLOT-016753,4.762189682522478
PLOT-015479,2.30246606614108
PLOT-018129,3.724666688602218
PLOT-018629,4.099993630122524
PLOT-015892,2.476388460691973
PLOT-015511,2.360293669664279
PLOT-018165,1.978277025068418
PLOT-017848,1.2119301062901615
PLOT-015571,1.9538808627239217
PLOT-017061,3.3941083303773825
PLOT-015030,3.2896369640181677
PLOT-015359,1.861874329144129
PLOT-016740,2.659363759395621
PLOT-016389,2.2877874503815234
PLOT-018489,2.3597723207818793
PLOT-017813,3.27415432530077
PLOT-016371,3.589467722249867
PLOT-017553,2.967506746639927
PLOT-016251,1.4857797268560788
PLOT-015848,1.5667774779697574
PLOT-018369,4.421605371672266
PLOT-016905,1.4616135232718266
PLOT-015985,3.3343617599113915
PLOT-018339,3.4490835035112957
PLOT-016667,3.359127368369688
PLOT-017321,3.8057354545255184
PLOT-015440,3.8977409810470633
PLOT-015095,1.6619202670253934
PLOT-015414,4.525358434649509
PLOT-017447,1.1990956563758355
PLOT-015087,3.2698672199802195
PLOT-015616,2.224501721748744
PLOT-018527,1.6418598839160197
PLOT-015638,3.836765987796374
PLOT-018196,1.203269820727427
PLOT-017701,4.133550110584534
PLOT-015651,0.8879939543333898
PLOT-016284,3.050442644449569
PLOT-017277,4.6485418517454775
PLOT-018362,2.2146229577350995
PLOT-017940,3.3921201224454447
PLOT-018036,2.6818064909782438
PLOT-017892,1.1496726903520333
PLOT-015358,1.2415497852657256
PLOT-018341,4.566080197064116
PLOT-015115,3.9715898194986377
PLOT-016758,1.1380321142636272
PLOT-017074,1.1817560326891074
PLOT-018714,3.2929107700174414
PLOT-015883,3.962697195455225
PLOT-017053,4.075683774869866
PLOT-015124,1.8189676708886005
PLOT-017727,2.3742132296845457
PLOT-015858,2.7445508098337505
PLOT-017534,3.3375034525876734
PLOT-016114,2.2864070138125507
PLOT-018558,0.9732349059900632
PLOT-015070,1.948148609870566
PLOT-017776,2.2711652572039127
PLOT-015415,0.8803216817262349
PLOT-016054,2.0373935897052506
PLOT-015737,2.410057753394356
PLOT-016136,2.1043045369964832
PLOT-017466,2.6613596432425752
PLOT-016263,1.8563154120082952
PLOT-016684,3.6983661365830964
PLOT-016002,3.6362263222879547
PLOT-015732,2.3386192677729327
PLOT-017092,2.1302893169852557
PLOT-015561,2.2978872489589444
PLOT-016611,2.3737533737149463
PLOT-018737,2.8785494502485682
PLOT-016298,3.0235914721728934
PLOT-016218,1.6532660244104636
PLOT-017167,5.6863252776733
PLOT-018161,4.242264410211105
PLOT-018476,3.2592834519127436
PLOT-017875,2.8837201340381875
PLOT-015868,2.653339080982534
PLOT-017646,0.6626728714456821
PLOT-017200,2.0514913407964714
PLOT-015194,5.339384470039157
PLOT-017095,1.348827529863411
PLOT-016283,2.9055008748139337
PLOT-016303,2.349899539225293
PLOT-018517,3.3513631639187773
PLOT-015964,3.36014048362049
PLOT-017386,2.718489720005498
PLOT-016363,2.087433026255204
PLOT-015181,2.2000943677880525
PLOT-018094,3.385586886778555
PLOT-017138,2.4879303918494697
PLOT-015200,1.7739682654646904
PLOT-017829,4.514437633977943
PLOT-016961,1.2926696514735436
PLOT-017908,3.5808204505076366
PLOT-016787,0.014916917483981128
PLOT-018491,3.29522500991748
PLOT-016010,4.783945231269186
PLOT-016937,4.205968021221857
PLOT-016140,1.9824515839129957
PLOT-018552,2.8996716766164945
PLOT-015267,4.077645715661215
PLOT-015375,3.5559257615540045
PLOT-017888,5.346756047948185
PLOT-015735,1.909150060690891
PLOT-015699,1.2466680830552737
PLOT-016226,1.4347803761982225
PLOT-017731,3.156604973373151
PLOT-015370,1.510088600365203
PLOT-015512,4.020923232871765
PLOT-015729,1.0406099141168077
PLOT-018046,1.3927186752839986
PLOT-016197,1.5127004390617678
PLOT-016799,2.3802601584376752
PLOT-016782,2.453827440121144
PLOT-018480,2.6075139203020186
PLOT-015325,2.0707789033379833
PLOT-018661,4.178469791528108
PLOT-018704,3.5253770615498983
PLOT-016825,4.481255693950657
PLOT-016125,3.7514704881589824
PLOT-016365,0.503074453307238
PLOT-016892,3.5320418705685594
PLOT-018449,2.5925319842697623
PLOT-017066,1.3378041265644909
PLOT-015768,2.2111603163283053
PLOT-015416,3.4965254361475284
PLOT-017780,0.5870374230702052
PLOT-018493,2.3609037055667113
PLOT-018003,2.188213329682502
PLOT-017549,3.1018635042515497
PLOT-018739,4.767409699447503
PLOT-017926,2.0126253062572825
PLOT-017827,2.506654453875203
PLOT-018066,1.4021289174645346
PLOT-017546,4.89649617596015
PLOT-016759,3.2930164520530165
PLOT-016413,3.88199007342074
PLOT-016748,5.526810906767543
PLOT-015377,1.3175449573639924
PLOT-016015,2.42832040881416
PLOT-015546,3.02371854582143
PLOT-015691,2.4547745161393992
PLOT-015949,3.1136945602517776
PLOT-018025,2.6514769016417294
PLOT-017024,3.342453753514632
PLOT-016559,3.067136454116644
PLOT-017764,1.11936064283011
PLOT-015890,1.5070617005832332
PLOT-015060,2.8526416972895796
PLOT-016724,2.9738381407115524
PLOT-015632,4.396200769558294
PLOT-018226,1.766783391298919
PLOT-016599,0.8446936391491487
PLOT-017810,6.119709014453281
PLOT-016695,0.6657020293871061
PLOT-016436,1.2631683699179435
PLOT-018083,3.5419215991462365
PLOT-016852,3.707877100601603
PLOT-018076,2.876774382918083
PLOT-017576,1.0433974611219379
PLOT-017359,2.337337842061789
PLOT-017696,2.800387830441874
PLOT-016238,5.342769461787515
PLOT-018309,2.3746769851650202
PLOT-018047,1.2612604408163466
PLOT-015746,1.2888790931401766
PLOT-015328,1.5413519207439652
PLOT-018648,2.8133232860042945
PLOT-018664,2.1329570381877176
PLOT-016989,3.2616720526139584
PLOT-015034,4.276146056859531
PLOT-018344,1.2102516956975193
PLOT-016784,5.318453863490419
PLOT-016686,2.978080024197658
PLOT-016244,5.496759687931567
PLOT-015449,2.1321952790304275
PLOT-017923,2.3909923615768736
PLOT-017916,0.8076247882991545
PLOT-016005,1.8653846146225628
PLOT-017699,3.5687972795589795
PLOT-015718,4.886221462780433
PLOT-016621,0.5660467736184172
PLOT-017443,2.2077631225587364
PLOT-016364,1.0763317232782412
PLOT-015125,1.159479779833437
PLOT-017639,1.6192123362710558
PLOT-017302,3.020334136584797
PLOT-017345,8.141394672199624
PLOT-018486,3.8199601949974746
PLOT-016780,1.8851065709429065
PLOT-017402,0.9068342637743311
PLOT-016050,3.8551308543104144
PLOT-015701,3.607286734821166
PLOT-015340,4.488390697831541
PLOT-018720,2.1241868857702877
PLOT-015187,1.9295006927451774
PLOT-015983,3.9098850856139395
PLOT-018244,1.2896117220657923
PLOT-018696,2.7306404017262507
PLOT-015121,2.762648617001124
PLOT-015603,1.740059779654577
PLOT-015667,1.7903300019404162
PLOT-017607,0.7046138770875837
PLOT-015244,2.4980303070894254
PLOT-015532,3.833492391681166
PLOT-017027,1.4840190203001191
PLOT-017983,3.996810615332624
PLOT-016179,1.2500529529219753
PLOT-017854,3.7020641041040236
PLOT-017752,3.5760437169415487
PLOT-018628,3.7949574418346472
PLOT-016701,6.348117588204506
PLOT-015801,3.0936839953219946
PLOT-015840,4.394519985960199
PLOT-016235,1.7737331217514736
PLOT-017163,1.5295065280454638
PLOT-016926,3.9566740488902132
PLOT-017873,2.0687103251932397
PLOT-015444,2.223292374103513
PLOT-018090,2.881268909838379
PLOT-017284,3.096825425697779
PLOT-016313,3.784840313669827
PLOT-015921,2.8959211026171516
PLOT-015795,2.3159508130562707
PLOT-015897,2.37804821396929
PLOT-015009,1.374658882689783
PLOT-017904,2.1701172880638544
PLOT-016267,4.058311412593138
PLOT-017772,1.7294008116974224
PLOT-016747,2.9207516287032695
PLOT-016416,3.0149745482673125
PLOT-018353,1.4616262711746661
PLOT-017112,2.740464701907574
PLOT-017036,2.3206572493116315
PLOT-018650,3.0285528797298613
PLOT-015213,1.116406415666685
PLOT-016104,3.503127533563245
PLOT-016726,2.6277560047718214
PLOT-018386,1.5807679092108637
PLOT-018174,1.0276935466787043
PLOT-018548,2.992365089049308
PLOT-017159,1.53002015236174
PLOT-016397,4.571328704490275
PLOT-015836,1.1359801515820496
PLOT-015206,5.072352222290519
PLOT-015658,2.958496843958024
PLOT-018497,0.7103598001042009
PLOT-015739,0.6617913182118892
PLOT-015500,3.9447304989102117
PLOT-017160,5.24335042817075
PLOT-017050,2.9959495179192
PLOT-017103,3.9465493544887975
PLOT-017108,1.0981510931366472
PLOT-018553,3.063279737519129
PLOT-015666,2.5754622917365477
PLOT-017371,2.0760732516240283
PLOT-015564,3.0623161078394103
PLOT-016262,2.512235752812231
PLOT-016644,2.952432528468248
PLOT-016206,5.387629960246544
PLOT-016021,2.6401800424137476
PLOT-015134,3.829174137170751
PLOT-017156,2.5647965451207884
PLOT-015305,1.3679676796758986
PLOT-015915,4.249858190008313
PLOT-016591,4.102730141672294
PLOT-017312,3.2628369152805474
PLOT-017319,2.272818197707973
PLOT-015619,2.937235279458154
PLOT-017333,6.059950891071587
PLOT-015903,1.5578285005899475
PLOT-016384,3.0120981949206906
PLOT-016921,0.9931799035934358
PLOT-017739,2.500071977445258
PLOT-015296,1.2146335998602666
PLOT-015935,3.096568276065763
PLOT-017986,3.3094166760953883
PLOT-015318,6.402453120126565
PLOT-015420,1.9553217426368663
PLOT-017129,3.6268130853527785
PLOT-017790,2.9276084106226268
PLOT-017656,1.365597756110321
PLOT-016632,1.7768602380704785
PLOT-016051,2.665746689430863
PLOT-018225,1.5610685303731655
PLOT-017949,4.25567623838886
PLOT-016906,1.9080607638507365
PLOT-015562,1.3769549606525378
PLOT-017367,2.659420857860059
PLOT-018710,1.7185016566815425
PLOT-018731,2.036847753002809
PLOT-016252,1.211439936147369
PLOT-017403,2.3914586141556313
PLOT-017863,4.953313851722738
PLOT-018598,3.225177074649702
PLOT-017568,1.9279491252783312
PLOT-017221,4.330674098063614
PLOT-016816,4.116216430880841
PLOT-016587,2.4709737090489465
PLOT-017318,0.7816210715696214
PLOT-016844,1.8692501881676975
PLOT-015742,4.2040941587284895
PLOT-018591,4.859479083204486
PLOT-015889,1.7929266139807138
PLOT-017253,3.9825455828254053
PLOT-015748,3.1779737221027
PLOT-018015,2.487822475326127
PLOT-017060,2.7922921846410698
PLOT-018286,5.086661354959777
PLOT-015514,3.8446751553302407
PLOT-018038,2.0342088409336037
PLOT-016090,1.2996466513216114
PLOT-015662,3.4188006998163325
PLOT-016688,5.82413110653153
PLOT-015361,1.111894903231068
PLOT-017796,2.6713781719697054
PLOT-018605,1.469370590533469
PLOT-018501,2.2988394137847648
PLOT-015652,2.2380215759619215
PLOT-018012,2.0488080834548033
PLOT-017293,2.938438826191586
PLOT-017170,1.821941670480893
PLOT-017332,2.2415810158312257
PLOT-016390,5.377316733850853
PLOT-018096,3.477023162065418
PLOT-015193,2.566113547320317
PLOT-018245,0.9535449749752009
PLOT-018081,2.022047361731092
PLOT-018663,3.890246116286751
PLOT-017419,0.8965146976618991
PLOT-018326,3.9922129697075848
PLOT-016915,3.0238824809867357
PLOT-016788,5.966824207033911
PLOT-017072,5.4320781752747616
PLOT-016579,2.2924108857993977
PLOT-017705,3.1341108991330677
PLOT-016872,1.4093610223210928
PLOT-015705,0.991353312192783
PLOT-015131,3.0411213538929345
PLOT-015592,0.537317479315461
PLOT-015664,0.9259571064597911
PLOT-015565,2.371970782042635
PLOT-017503,1.3705502989090186
PLOT-016306,2.5114990387718477
PLOT-016077,4.4754442736108855
PLOT-015178,2.073092847865155
PLOT-017737,4.408392753763165
PLOT-018393,2.666599596456603
PLOT-016431,0.841566580908182
PLOT-016279,3.846018060788884
PLOT-015854,4.436468695890726
PLOT-015720,4.205998173776147
PLOT-016893,2.910642218845831
PLOT-017746,4.734535314798937
PLOT-018507,4.114872139708557
PLOT-016352,3.5400490374415967
PLOT-018687,5.099454451918584
PLOT-017541,4.164419963470735
PLOT-017309,2.5166772777136273
PLOT-015517,2.465857001753195
PLOT-018110,4.423083765111465
PLOT-017497,4.705424086371199
PLOT-018634,1.2594241192565243
PLOT-015079,2.0596608034737014
PLOT-017992,3.8613531072234126
PLOT-016225,4.083957031305757
PLOT-015427,3.6975121865455174
PLOT-016795,3.051041264913965
PLOT-017765,1.9772787894527941
PLOT-018264,0.8113792196066963
PLOT-017756,0.9244324485501579
PLOT-018570,0.9137695811576274
PLOT-016470,1.269995817667771
PLOT-017178,1.0254585620820982
PLOT-018492,5.394781769227513
PLOT-015933,1.866891268832234
PLOT-017090,2.919772911671659
PLOT-018323,2.951361139114281
PLOT-015527,4.323169946275326
PLOT-018504,0.8506694397403198
PLOT-015513,5.540531144050686
PLOT-016995,0.9092666935497119
PLOT-017228,3.276168073314717
PLOT-017700,1.121260791274784
PLOT-015707,1.909690798575747
PLOT-016771,2.449859616268653
PLOT-016332,2.3991681915725698
PLOT-015670,2.3106167941579208
PLOT-017610,3.2711264847983013
PLOT-015991,4.024140062239577
PLOT-016438,2.950682376402104
PLOT-015180,4.384279154435347
PLOT-016277,3.005064577160669
PLOT-016674,3.507169843307071
PLOT-018134,4.648179071361922
PLOT-016933,3.7751055820450827
PLOT-017924,3.774709673610085
PLOT-016039,3.2218567225719297
PLOT-016084,3.6577506736404573
PLOT-016730,4.967923111003198
PLOT-015615,3.3749942609882653
PLOT-017841,2.733560810561145
PLOT-018607,2.722241779207513
PLOT-016347,5.457791306530778
PLOT-016275,3.5599980808031964
PLOT-015802,1.7577596993341351
PLOT-017134,2.3106072446033012
PLOT-015448,1.379576416894319
PLOT-016387,4.953022919520594
PLOT-018608,6.509222256577989
PLOT-015430,1.6398243529389276
PLOT-018317,0.9737857473562336
PLOT-017893,3.0187725118180113
PLOT-017014,0.3655630110455734
PLOT-015450,2.547165408835442
PLOT-015580,3.4194063862454924
PLOT-016609,1.4258140798739276
PLOT-017059,2.2472610075548416
PLOT-015596,7.26993041887799
PLOT-016714,1.111811230406237
PLOT-015789,2.8705290688101677
PLOT-015346,0.23346514425306647
PLOT-015502,3.7988535479233927
PLOT-018590,2.922676600060067
PLOT-016406,1.6384341953743624
PLOT-017176,3.4090744398555826
PLOT-016166,1.9091559615570377
PLOT-016608,1.612765710399573
PLOT-017301,2.0268410840329794
PLOT-016830,2.3976384104931876
PLOT-015268,1.9038895973047947
PLOT-017013,2.796315325411775
PLOT-017006,3.7266275277098004
PLOT-018141,2.8597806365712786
PLOT-017421,1.613177324476195
PLOT-017719,1.2468449430380426
PLOT-017157,2.5492174411496804
PLOT-017075,1.1839470218444552
PLOT-018185,1.2094240975675703
PLOT-017305,3.6986179562200183
PLOT-018525,3.6386778971991167
PLOT-018395,2.5909672438156686
PLOT-015992,4.81463764852453
PLOT-015977,2.6009781063336943
PLOT-017236,1.7401153468394688
PLOT-015314,2.685757835636736
PLOT-017721,2.4703280524631537
PLOT-017641,3.1290126569317542
PLOT-015283,1.7300093134038659
PLOT-016134,2.3652249273587516
PLOT-017003,5.475455167380009
PLOT-017742,2.787903668229943
PLOT-015032,2.90188385460463
PLOT-015590,3.674660648897472
PLOT-018723,1.574009924657781
PLOT-015240,5.309984087002684
PLOT-017771,1.0999916532498997
PLOT-016558,5.110237922209721
PLOT-018071,3.934125960219858
PLOT-017804,4.769669729726921
PLOT-016720,1.473925465005941
PLOT-015339,1.5824457673516172
PLOT-015993,2.1567345442248587
PLOT-016731,1.1219219857015417
PLOT-016785,1.9197785765201671
PLOT-017733,2.9190365155783815
PLOT-016170,3.304649921923021
PLOT-018373,1.9505825233513714
PLOT-016765,2.8177180783242988
PLOT-015498,2.002176690670341
PLOT-015280,4.260789668456401
PLOT-015217,2.992470264858255
PLOT-016949,1.981395860392914
PLOT-015672,3.4362815850952386
PLOT-016236,3.715755058186751
PLOT-016643,6.70765683242907
PLOT-015668,3.023440878159088
PLOT-016483,3.1285698794528534
PLOT-017761,2.456522939452036
PLOT-016412,2.3849110963959936
PLOT-018097,3.7450901354922403
PLOT-016617,1.6089638080837991
PLOT-015356,2.554953341571082
PLOT-015971,1.3969202159803238
PLOT-018406,2.7072703359345964
PLOT-016749,1.813096612391218
PLOT-017081,1.603292420319555
PLOT-015852,1.648110013675655
PLOT-016208,2.708101794061282
PLOT-017786,1.999213393475403
PLOT-017839,2.3818231032711377
PLOT-015751,2.329280493137196
PLOT-018336,2.690743089442958
PLOT-018593,4.932961717238354
PLOT-015362,1.6247681765590527
PLOT-016078,1.6738755279398598
PLOT-016597,2.8694748818745794
PLOT-015012,2.1093214640178193
PLOT-015485,2.5574713420021693
PLOT-016261,3.1996449801803615
PLOT-016745,3.1702493615630334
PLOT-017735,4.46205574838025
PLOT-018382,3.708724924869335
PLOT-015786,1.8164153710739959
PLOT-015959,2.245117457900432
PLOT-017655,0.9850797621025741
PLOT-015740,1.8022207787832483
PLOT-015524,2.2634119676218543
PLOT-017879,5.096918882077789
PLOT-017634,1.4026758682691756
PLOT-018092,4.256441794121687
PLOT-017915,2.4408832960703664
PLOT-018621,2.2978683885390123
PLOT-017004,3.3833021280668776
PLOT-015884,2.1235433538621153
PLOT-017530,2.2395583586780874
PLOT-015453,3.4041037829705236
PLOT-018324,2.2950066083915046
PLOT-016657,1.1795181458811748
PLOT-018639,1.9939503290226164
PLOT-017328,1.707311783782491
PLOT-016425,3.2475378079795423
PLOT-015099,2.54479653159621
PLOT-018690,2.095231248252943
PLOT-017698,1.5981253991010411
PLOT-015979,1.9098599762246857
PLOT-016157,5.51277265506244
PLOT-017015,2.4410941252696876
PLOT-016374,2.1165044740149557
PLOT-016381,2.26474239388101
PLOT-016040,2.356898017747615
PLOT-017168,2.167528979586918
PLOT-016286,7.195382910198988
PLOT-015760,4.52193283755173
PLOT-016086,1.8847334201268735
PLOT-016767,2.12049467943113
PLOT-015210,3.075997287728251
PLOT-016596,4.452433811621511
PLOT-017052,1.5598630983661956
PLOT-016240,5.264651306126566
PLOT-017276,2.6906220027257373
PLOT-017590,3.2413195299591435
PLOT-017768,4.7289791791572
PLOT-017526,3.8240468180765013
PLOT-016171,4.49213463489856
PLOT-016459,4.1721540872221565
PLOT-016183,3.6047487172714203
PLOT-018534,4.105304844555206
PLOT-018132,3.742279100297884
PLOT-015773,4.469068318471879
PLOT-017304,3.608128247995221
PLOT-015631,3.1311929574816677
PLOT-016153,3.5126907008743893
PLOT-016398,2.843952351209321
PLOT-015387,0.8324874878489831
PLOT-016496,3.291538514152484
PLOT-016971,2.5647484094052992
PLOT-016116,3.816097902231933
PLOT-015476,1.3540445938321055
PLOT-016547,5.142046773746549
PLOT-016463,2.16071011632752
PLOT-017930,1.7727888894163488
PLOT-016242,1.0059021307792237
PLOT-018215,3.7704746121105503
PLOT-017425,7.842478131034252
PLOT-018564,2.508689999435867
PLOT-015833,4.55104067320681
PLOT-017116,2.9182156341445182
PLOT-017323,4.69484498137553
PLOT-015523,5.53317209706499
PLOT-015203,4.223357580597292
PLOT-018506,4.8744448134244145
PLOT-015736,3.023168626259681
PLOT-018510,5.002294006967388
PLOT-018104,2.4040204719800324
PLOT-017736,0.34979399154771923
PLOT-018520,4.147848481347972
PLOT-017342,3.7553147257469983
PLOT-016690,1.2564884752833718
PLOT-015929,4.151532986260799
PLOT-017434,1.137518294939425
PLOT-015372,1.8578624634939573
PLOT-017272,2.7725869620160175
PLOT-015488,3.6514558692654466
PLOT-018235,0.8119580498653465
PLOT-016167,6.172150999455519
PLOT-017166,2.663983504080145
PLOT-018586,2.3696999270845853
PLOT-015676,2.1379008664989967
PLOT-017242,1.7979666327468435
PLOT-017668,3.088396957602183
PLOT-016121,4.321368415799518
PLOT-017644,1.5399297541528243
PLOT-017835,1.403150996143693
PLOT-017227,1.5927249344860295
PLOT-018024,2.8382719581258513
PLOT-015700,5.225262772996024
PLOT-017264,4.528288190551853
PLOT-017394,1.7269539694606608
PLOT-018455,1.641168374161091
PLOT-016108,2.332663494236867
PLOT-015224,3.6382829126956158
PLOT-017557,2.4692246322649645
PLOT-017020,3.881784396317236
PLOT-015587,4.347843877842534
PLOT-015172,5.226483203532416
PLOT-017124,2.5005053771465082
PLOT-016324,4.152029297883343
PLOT-015110,0.8852301303018779
PLOT-015582,3.2800605733664736
PLOT-017565,2.5561893284733523
PLOT-016420,5.627304371363938
PLOT-017970,3.951789642326748
PLOT-018061,2.248601455890912
PLOT-015255,3.7371133672583334
PLOT-018672,1.661263735538851
PLOT-015455,1.8562913526752922
PLOT-016493,1.8174353811600736
PLOT-018113,1.0431027406469764
PLOT-018523,0.5312793585314391
PLOT-015800,4.525412817336907
PLOT-018463,3.1308163216776657
PLOT-018135,1.5977919369412696
PLOT-017335,2.4570027913557984
PLOT-017223,0.9215218676394384
PLOT-017864,7.490309892200378
PLOT-015118,2.78259648287377
PLOT-016911,1.795636643666561
PLOT-017651,5.679357657387262
PLOT-017281,3.12827083657208
PLOT-016514,1.3553931373419634
PLOT-015876,3.9129965685988615
PLOT-018403,3.31896750608466
PLOT-017055,2.3032236227775265
PLOT-015600,2.9377004466423555
PLOT-015008,5.881016675545597
PLOT-016164,3.742396027632512
PLOT-018668,2.6154975991642235
PLOT-016809,5.655864747741989
PLOT-016774,3.0326422403755724
PLOT-016781,5.4503649907791525
PLOT-018422,1.2441869533888372
PLOT-017994,2.8451738273426583
PLOT-015536,1.9618503847081645
PLOT-018511,5.304006368366781
PLOT-017667,2.307783964471639
PLOT-018575,2.1116055854887037
PLOT-018678,1.86314463785469
PLOT-015275,5.393266756646814
PLOT-018426,2.4613042734888415
PLOT-016434,1.7580913820693707
PLOT-016489,1.9066831458107238
PLOT-015442,3.2260755368795127
PLOT-018383,1.6906361819324092
PLOT-017143,2.457303142994524
PLOT-016564,1.2741669460526461
PLOT-018128,2.8214433945206614
PLOT-015984,4.297853934761533
PLOT-015785,2.812361968838681
PLOT-015928,1.6887399276844135
PLOT-016260,2.822724036310223
PLOT-016294,2.52176498579382
PLOT-018259,3.707554019379591
PLOT-018616,3.563654489121921
PLOT-018606,2.161933766391326
PLOT-017216,4.913696064938103
PLOT-016135,3.474222624870624
PLOT-017665,1.8060925419646745
PLOT-015871,3.882682983679667
PLOT-017086,3.5341786952847074
PLOT-015847,4.5379927841716015
PLOT-018227,5.04740900449916
PLOT-015024,1.1336731539182567
PLOT-018345,3.8204895174451887
PLOT-015057,2.1630454079057944
PLOT-017594,2.6435825048453543
PLOT-015190,1.7113799213060792
PLOT-015898,1.477178652399627
PLOT-017490,1.9255437780678848
PLOT-018357,2.6616373135898144
PLOT-017513,3.4628286519588554
PLOT-015492,1.0842979357102231
PLOT-015962,3.4217002238566616
PLOT-016257,2.867262365050901
PLOT-018022,2.0974109945694264
PLOT-015640,3.5432798645217214
PLOT-015002,2.2470533943837756
PLOT-016344,5.014244995613834
PLOT-017575,3.3978780535098516
PLOT-015141,2.5605566600053504
PLOT-016820,4.432772462855167
PLOT-017501,2.5536600167339167
PLOT-015612,2.2509688777431367
PLOT-017531,2.7752598375255624
PLOT-016582,1.712063243294585
PLOT-017965,2.0793838641085025
PLOT-017991,3.5140167065848797
PLOT-017054,4.543039648755677
PLOT-015227,2.643969648221245
PLOT-018364,2.788638695124454
PLOT-015568,0.8571175384061424
PLOT-016732,2.946463191284048
PLOT-015572,5.5007643306508545
PLOT-017017,3.259141860824222
PLOT-017741,4.326880756898561
PLOT-017961,2.2931304449295453
PLOT-017989,2.033664645265472
PLOT-015289,3.994954558998392
PLOT-016122,2.531948745999614
PLOT-015920,1.8986324950022917
PLOT-017109,1.3693671055026184
PLOT-016583,0.6233596361770589
PLOT-016229,4.917365747201115
PLOT-015939,6.092542026250655
PLOT-017762,4.368554658771034
PLOT-017536,3.3072750834508553
PLOT-015426,2.442804325901588
PLOT-018053,5.324818047361761
PLOT-016144,2.7017370009588553
PLOT-017211,1.7607604561301153
PLOT-015602,0.5423545470291699
PLOT-017111,3.14337315825515
PLOT-017779,5.622674743256394
PLOT-018017,1.6743175909323798
PLOT-017521,4.970205174431763
PLOT-016308,2.4738087453588267
PLOT-018248,2.86635623322614
PLOT-015423,1.2089869058721285
PLOT-017728,2.411025702634166
PLOT-016429,4.482322273260452
PLOT-015578,3.087384194948354
PLOT-015278,4.0174580169255885
PLOT-016491,1.121864880167324
PLOT-015151,2.1847695786794272
PLOT-018130,2.2044994486137717
PLOT-015378,3.031056657555707
PLOT-015895,2.0501885373269446
PLOT-018666,3.064830014950578
PLOT-018355,5.327127242417224
PLOT-015841,4.284178417752127
PLOT-018209,6.070029579443671
PLOT-017194,3.3647204536548667
PLOT-018301,2.1901124103717
PLOT-016614,1.7407105569441912
PLOT-017783,3.1547646849245163
PLOT-015717,1.0555081975425014
PLOT-018032,2.4339774438729007
PLOT-015386,2.485599640539765
PLOT-015446,2.4858686043152254
PLOT-017106,3.6943405540214393
PLOT-018727,2.3616790767488935
PLOT-016222,2.486826746056978
PLOT-017595,2.2805457682071006
PLOT-018172,3.19823951928507
PLOT-015142,1.191443100586518
PLOT-017254,1.434545574057822
PLOT-016903,2.361350782259099
PLOT-018037,2.4209056060072904
PLOT-017457,3.8623480510136097
PLOT-015451,4.523750519726905
PLOT-016228,3.569346361150821
PLOT-016256,2.251460923551356
PLOT-018188,1.6086630386818976
PLOT-018187,3.531533794289208
PLOT-017395,1.7181863737095355
PLOT-017502,1.8809417462602505
PLOT-017246,5.6156003564014325
PLOT-017679,3.1842480310601533
PLOT-017645,2.0672787193684496
PLOT-015734,3.736879661185639
PLOT-017931,2.850752351075618
PLOT-015456,5.419380982707918
PLOT-016391,2.5048104921559915
PLOT-017703,2.4258551165745144
PLOT-017955,3.978401944917899
PLOT-018424,2.470747441628893
PLOT-017704,3.5218735273337782
PLOT-017831,3.8553578855407995
PLOT-017693,0.352225167574598
PLOT-018179,1.0727377586617892
PLOT-017740,3.217460523659233
PLOT-016670,2.8861305444058734
PLOT-016876,1.8907786837001666
PLOT-016457,0.7540207052362086
PLOT-016188,0.7896079509200192
PLOT-016523,0.9696192781909554
PLOT-015803,1.0165236679752738
PLOT-017592,1.6789024716331917
PLOT-015036,3.13636651786606
PLOT-018547,1.390784941817227
PLOT-018490,7.110524089641863
PLOT-017201,3.4824479628363223
PLOT-018559,2.8249299551839973
PLOT-015855,1.9656330917081823
PLOT-017407,1.7536805449622985
PLOT-017748,3.613048891409882
PLOT-016325,3.3606280608271417
PLOT-016910,0.8067574026346512
PLOT-016626,2.818656218767757
PLOT-016727,2.714202388410069
PLOT-015100,0.5491232091894513
PLOT-018251,1.5229840516996138
PLOT-016929,3.77510411058673
PLOT-015341,3.7270833154828846
PLOT-018532,2.8220722245728
PLOT-016312,2.670107742524433
PLOT-015540,1.3347701798495726
PLOT-018292,2.4184429143287978
PLOT-015243,1.441393247638397
PLOT-018342,2.2630100105697837
PLOT-015419,2.6044610646129525
PLOT-018330,1.5548604877322245
PLOT-016888,2.5950148266549635
PLOT-016734,2.226943924298742
PLOT-015727,1.8508718100361696
PLOT-015037,2.1288037323202134
PLOT-017202,2.958265878785792
PLOT-016742,2.3629837700161658
PLOT-017898,2.1501957970961527
PLOT-015071,3.891041467699029
PLOT-017951,2.281864976032164
PLOT-016203,1.2931042860248734
PLOT-015226,2.4910719155709646
PLOT-016141,0.842462547413168
PLOT-015669,4.440035612043429
PLOT-017411,2.872259122816525
PLOT-016541,3.3469472355725474
PLOT-017846,1.4903605490831981
PLOT-018428,3.2311297353686044
PLOT-016849,1.5529010203931932
PLOT-016102,3.1010309936250438
PLOT-018657,0.6900844488437884
PLOT-017114,5.162324962679691
PLOT-018335,3.4816687326216242
PLOT-015468,3.014456004081641
PLOT-017031,2.1186497353739684
PLOT-017787,3.20968352408945
PLOT-016916,1.9057129491755052
PLOT-017311,2.4745441479135493
PLOT-018389,0.9283319914210775
PLOT-015824,1.541258869385784
PLOT-016396,2.071250988414108
PLOT-017975,4.949555349676686
PLOT-017363,4.232842920251618
PLOT-015845,2.830828989265234
PLOT-017777,3.0152705941387303
PLOT-017911,2.830061206302438
PLOT-018123,4.296042727335131
PLOT-015078,3.417451773018813
PLOT-018160,3.837445732881594
PLOT-016321,2.545782886697903
PLOT-016083,2.487650615460303
PLOT-016320,1.8997724097852122
PLOT-017558,5.428661638818991
PLOT-018363,6.115898172073614
PLOT-016700,0.7213323975775536
PLOT-015943,1.2649193337967901
PLOT-017712,2.5057769872366586
PLOT-018304,3.8505859028052343
PLOT-016733,2.855150377074558
PLOT-015241,2.4960404889109156
PLOT-018312,2.4613577323714777
PLOT-018299,2.515473579581914
PLOT-017856,2.8190244597533116
PLOT-018006,3.7480613036592176
PLOT-018302,5.249039483880957
PLOT-015526,4.231715537074197
PLOT-015798,2.837337176305767
PLOT-015713,3.4968806680840117
PLOT-018139,2.474901150548177
PLOT-018685,1.360095693532478
PLOT-015738,1.7756956745497838
PLOT-016946,1.6729763315140345
PLOT-017225,3.2104371392623805
PLOT-018118,3.514185226618215
PLOT-018434,3.5435515825474044
PLOT-016377,3.6873830879606766
PLOT-016914,6.4800986682351
PLOT-016778,4.89949727578134
PLOT-018633,2.07177818264882
PLOT-015757,4.536095860996739
PLOT-017711,2.7467428135122143
PLOT-015429,5.381501552387543
PLOT-016982,4.0442860102957265
PLOT-018432,3.2279587562927765
PLOT-018313,1.8373655214998188
PLOT-016966,5.2450097702221825
PLOT-015981,2.8304462396753625
PLOT-015263,1.4019163942900332
PLOT-018202,3.287076955085098
PLOT-018701,3.271248028435573
PLOT-015547,0.6682790537231601
PLOT-015454,2.530225093797151
PLOT-015338,5.659693249774977
PLOT-015026,2.0858505204155207
PLOT-017844,1.4313607313948928
PLOT-016062,2.2334175956452733
PLOT-015320,3.423997867595948
PLOT-015000,3.095778474551564
PLOT-016506,1.436892629078526
PLOT-018686,2.069155240322944
PLOT-016151,2.3644065333638777
PLOT-015407,2.372715575251072
PLOT-016769,3.8310808226613005
PLOT-016210,2.512874936024944
PLOT-015750,3.33580612096919
PLOT-017000,1.4163328392634975
PLOT-016542,3.379712569714903
PLOT-017794,2.6964918372584843
PLOT-016095,5.699788827769256
PLOT-018217,3.4990059032181926
PLOT-015577,3.45755910059208
PLOT-016326,2.1651776562115113
PLOT-017811,2.798402721498079
PLOT-018143,2.4580618184891025
PLOT-017234,4.333008525316661
PLOT-015270,1.4027299386964354
PLOT-015170,1.5641265118504009
PLOT-017905,3.994791595682166
PLOT-017189,1.0060747035891635
PLOT-016783,3.092434699356376
PLOT-015674,4.021747404479698
PLOT-017807,2.617535434659938
PLOT-016868,3.056644546438063
PLOT-018515,0.8338653505307952
PLOT-016441,5.6712013302467605
PLOT-016723,1.7502909036951775
PLOT-016958,3.6592437251557697
PLOT-016619,1.0079330018092185
PLOT-017366,2.3440127066782765
PLOT-017866,3.7298555462261893
PLOT-016987,5.8167322819540495
PLOT-015253,1.669384658342564
PLOT-016276,1.9336636619510088
PLOT-017910,2.3082256250849955
PLOT-017289,2.8077238698340286
PLOT-015295,3.6274544261060857
PLOT-015053,1.090070426889921
PLOT-016096,1.4831190381209347
PLOT-015191,2.147429121164745
PLOT-015301,2.866036223192133
PLOT-015365,3.628632344192236
PLOT-017499,3.3270894837956515
PLOT-016977,3.88907333737769
PLOT-018703,2.2514183902950977
PLOT-015744,2.873110609029003
PLOT-016191,3.0077292182472526
PLOT-017039,2.605155802339141
PLOT-017670,3.0165723057960814
PLOT-016923,3.222201898844949
PLOT-016355,1.3819210687759826
PLOT-016113,2.099864921727324
PLOT-017511,2.3207356717045062
PLOT-015374,3.01983424646296
PLOT-016821,2.072496448864645
PLOT-015291,0.9542214450533429
PLOT-018358,4.103715731109144
PLOT-015389,3.374463194933147
PLOT-018375,3.6066201926473345
PLOT-018133,3.7544130005098633
PLOT-016180,3.252760590877797
PLOT-016598,2.81419057150796
PLOT-018514,2.8126670457829226
PLOT-017084,1.0084702567785755
PLOT-015214,2.395990746856636
PLOT-016016,3.09877947112702
PLOT-016864,3.5593468257502034
PLOT-015410,1.2258256127143168
PLOT-016545,3.4824440657542732
PLOT-017619,2.0407059845631945
PLOT-015832,2.375356685250983
PLOT-015179,4.562684669869397
PLOT-015690,0.27453083576760284
PLOT-018122,1.0665997222968757
PLOT-015470,1.9713975616651296
PLOT-015704,3.334937879999928
PLOT-017346,0.8429550761083415
PLOT-018653,1.3421063449554347
PLOT-017887,1.7710579575950531
PLOT-017593,3.151564277501506
PLOT-016075,3.2338000217865748
PLOT-018680,4.698446432064334
PLOT-016627,1.9458151880867167
PLOT-018399,3.117173737810342
PLOT-018295,3.573572536033997
PLOT-015063,6.935995680347094
PLOT-015769,3.0182847427052337
PLOT-016428,2.1028482029361455
PLOT-015324,2.1942989186706647
PLOT-015819,3.2380720371957645
PLOT-015780,0.35060865919282136
PLOT-016699,2.3062976608108556
PLOT-016123,4.591984428458346
PLOT-018152,2.6458338968997857
PLOT-015752,3.767864217910801
PLOT-016067,3.0806646630542702
PLOT-018614,5.865581442312244
PLOT-016041,1.8456548737327614
PLOT-018109,2.7839802483481813
PLOT-017417,2.895084477564026
PLOT-015716,0.7170856285732194
PLOT-017717,3.123460069327712
PLOT-017582,2.706056607298485
PLOT-015550,2.0669851048357977
PLOT-018008,3.061536508908188
PLOT-015749,0.7667839854787492
PLOT-016487,3.674367568268498
PLOT-017486,1.9364524162493895
PLOT-018337,1.839094824330899
PLOT-017426,2.719225484616776
PLOT-018213,1.2094891881674394
PLOT-017928,4.433456981707267
PLOT-018400,1.446201658600728
PLOT-018531,1.5350182557849483
PLOT-017130,3.566732142420037
PLOT-015842,2.735784696850529
PLOT-016997,5.067615206596943
PLOT-015020,3.05948352474288
PLOT-017418,4.1479005613122775
PLOT-015879,0.782266048524325
PLOT-017329,2.5436140042201205
PLOT-018050,3.3305804659820497
PLOT-015863,5.637559623539055
PLOT-017190,2.4151858920295957
PLOT-016376,3.4917186525381125
PLOT-016936,1.2988234457645544
PLOT-015354,2.1838458863574077
PLOT-015951,1.116438550565471
PLOT-018496,0.8030343084765423
PLOT-016930,4.082505428997266
PLOT-016430,6.492275330344172
PLOT-018121,3.6330689958098117
PLOT-017543,2.5810062487021974
PLOT-017978,3.2772273415627837
PLOT-016305,5.547494644150095
PLOT-016073,2.9315342182415165
PLOT-016159,1.4307743937266943
PLOT-015058,2.0274943923857696
PLOT-017450,4.8450829539965845
PLOT-017033,2.4637391111587195
PLOT-016696,2.2040978223546777
PLOT-016379,0.9187670194597684
PLOT-016536,2.451617081730716
PLOT-016593,2.2843536071980655
PLOT-018407,2.2334895643977726
PLOT-016539,0.7920121391313709
PLOT-017566,2.485599312449179
PLOT-016423,2.6243036519166316
PLOT-017899,0.8980110951947359
PLOT-016718,2.6667320769594216
PLOT-018418,3.149272275673115
PLOT-017527,3.0890120799437013
PLOT-016068,3.120030631610033
PLOT-015147,2.180140714218494
PLOT-016715,3.3413722100219236
PLOT-018198,3.2637665092415995
PLOT-016589,3.454036343418183
PLOT-017747,2.6492085285236042
PLOT-016531,2.542436978186679
PLOT-017799,2.803233863779851
PLOT-015452,0.36327916289505496
PLOT-016561,1.4059956119798602
PLOT-016955,3.3394073262168487
PLOT-018544,2.4399713886189223
PLOT-015192,1.6494393472305187
PLOT-016038,2.3946600097669037
PLOT-016537,4.354771929933109
PLOT-016293,2.3502503983933845
PLOT-018398,1.8696298059481031
PLOT-018378,2.5228509104031906
PLOT-017606,3.614296239156489
PLOT-015626,2.8992694766494664
PLOT-016697,2.5147485296354284
PLOT-017338,3.329678025127333
PLOT-018067,2.0442349541290064
PLOT-017294,3.042511631705945
PLOT-015974,2.286695650599122
PLOT-016763,2.5302971416095734
PLOT-018460,3.277572624663788
PLOT-015150,5.853179428871427
PLOT-017948,5.628072119115036
PLOT-016524,5.325473206011275
PLOT-018623,3.1690564055728916
PLOT-018719,3.8028790417398515
PLOT-016939,1.808997032915006
PLOT-018360,6.97369956552151
PLOT-015484,0.59211918505507
PLOT-017520,1.4921737816166123
PLOT-018042,4.248972072496743
PLOT-016302,2.2232860959471257
PLOT-015649,3.3679542784069385
PLOT-016495,3.1683657656300004
PLOT-018724,2.229052803526353
PLOT-016527,3.48322413790312
PLOT-018568,4.187298056909493
PLOT-017347,4.321291751454529
PLOT-018331,3.2662919973882465
PLOT-018482,2.2050801916703575
PLOT-017082,4.632161842875945
PLOT-016216,1.477284833469217
PLOT-018468,1.883518161587286
PLOT-015945,2.9932334119454356
PLOT-018396,4.201799390476826
PLOT-015072,3.341715449339237
PLOT-016610,1.9653490452218174
PLOT-017614,5.500818270419773
PLOT-017098,0.9066339863827808
PLOT-018503,1.7906413266782015
PLOT-015762,1.8738407088212379
PLOT-015089,3.5551488053514295
PLOT-017621,3.7759649210820716
PLOT-016375,2.5649200710601945
PLOT-015017,3.5920977730425947
PLOT-018494,3.0951526219040595
PLOT-015804,5.318963588929121
PLOT-016526,2.3385359881478514
PLOT-018537,2.7732677372998067
PLOT-017662,1.1993141958046984
PLOT-016127,1.8628471287553947
PLOT-017248,2.2644563377059024
PLOT-015838,2.6377522647683014
PLOT-016057,3.856084532308177
PLOT-015864,1.1509722822669768
PLOT-018182,2.4268900650361704
PLOT-018404,1.4172839295078312
PLOT-015298,2.1749958762192745
PLOT-018059,0.4160306182541825
PLOT-016801,2.6207731378393033
PLOT-016871,2.3019975824628958
PLOT-016061,3.5915057933984835
PLOT-016029,3.9915676379704657
PLOT-017769,1.6961977754002155
PLOT-017182,2.9579642973693585
PLOT-015398,3.5229720188378573
PLOT-017643,5.390248738973241
PLOT-016337,4.207345644507067
PLOT-016802,2.154934488452635
PLOT-017918,2.3043203098969136
PLOT-017142,2.455102915038212
PLOT-016845,2.6850460571820274
PLOT-015395,2.2412302195226417
PLOT-015094,3.172016065793225
PLOT-016291,1.1976997803337484
PLOT-018411,2.5196122884832697
PLOT-016353,2.0871914878359186
PLOT-016469,2.6166402512750255
PLOT-018585,2.0227326421655345
PLOT-018311,5.6052226395139275
PLOT-016444,1.9847080028950284
PLOT-016543,2.472833219875864
PLOT-018658,3.0752043145483094
PLOT-016942,2.9714194250666295
PLOT-018518,2.9203312204315415
PLOT-015661,3.6177413624181654
PLOT-018117,1.5074588755000327
PLOT-016682,2.284232230580146
PLOT-016635,1.9152304935756375
PLOT-018065,1.668725665633334
PLOT-015317,2.0924597894822603
PLOT-018334,2.1494321683020847
PLOT-017233,2.264900496257034
PLOT-015947,1.325944140669489
PLOT-018376,2.9296890173026893
PLOT-015770,3.720218554725472
PLOT-016380,2.147801298422248
PLOT-016962,2.6956624711455297
PLOT-017470,1.3051918716759945
PLOT-015544,4.371344002522713
PLOT-016382,5.4417836249621585
PLOT-018216,1.1335461942000036
PLOT-018102,3.4684085444089336
PLOT-016831,2.0614697352036204
PLOT-015635,3.9200593216493638
PLOT-016181,4.05570169985956
PLOT-017041,6.397795825017301
PLOT-017685,1.287675893442087
PLOT-015108,2.2942118942070504
PLOT-017439,2.38534401736388
PLOT-017754,3.9881016794258053
PLOT-017410,1.6448634384486767
PLOT-017548,2.03943501112489
PLOT-017161,3.3769399630963752
PLOT-016940,2.9186375721930653
PLOT-018256,4.149372280201039
PLOT-015139,2.452039896024422
PLOT-015712,3.245682646898854
PLOT-017144,5.499282227219984
PLOT-015287,1.2968458383980286
PLOT-017077,1.2949104685389967
PLOT-015823,3.747190142989013
PLOT-017035,2.620953980513179
PLOT-017914,3.1454881389102676
PLOT-017449,1.4296756533631039
PLOT-016869,1.393743766971182
PLOT-016513,4.029597092847776
PLOT-018023,1.8785181387203977
PLOT-018300,3.076072193280261
PLOT-016224,6.305477056881161
PLOT-018176,2.372950898688021
PLOT-018509,2.09587505122682
PLOT-017099,3.1076906322154323
PLOT-015525,1.5047418334285894
PLOT-015473,2.0625494844893653
PLOT-015506,2.531331858552263
PLOT-017011,2.47925916284724
PLOT-016223,0.9399548312802667
PLOT-015396,1.8952828645164428
PLOT-015515,3.3763223791146304
PLOT-016343,2.5138092967263588
PLOT-015891,2.7199147143923446
PLOT-018412,3.7840389914048753
PLOT-016264,2.982852019723023
PLOT-017164,2.64411531803498
PLOT-015877,1.973259202147247
PLOT-017118,4.7798920830786376
PLOT-015013,1.4376898651440264
PLOT-018693,2.1723530289449804
PLOT-017065,1.7013581952357364
PLOT-017825,3.3743504770777295
PLOT-017812,5.533170079160646
PLOT-015376,0.9274320928962788
PLOT-017361,2.0829880319635876
PLOT-016900,2.576550443848216
PLOT-015857,4.318286921364692
PLOT-015503,3.2784764962292092
PLOT-016081,4.692461160759406
PLOT-015046,3.832416236131563
PLOT-017297,2.796264976044252
PLOT-015266,1.5421114099942521
PLOT-017626,2.907942753063359
PLOT-018346,1.1993468433779553
PLOT-016549,1.3268278460852168
PLOT-016022,3.7377925696035956
PLOT-015232,1.4714501599170031
PLOT-018063,1.9143225816701377
PLOT-018243,2.1965566683821725
PLOT-018354,6.3607155691589945
PLOT-018562,5.068110792768426
PLOT-018681,2.994221794261303
PLOT-016189,1.2964116728222335
PLOT-018028,1.702249259578444
PLOT-017188,2.2044700766867673
PLOT-016584,1.8690708255285713
PLOT-015173,2.8811492787042003
PLOT-016165,2.3393895154916655
PLOT-015204,1.9509189999421037
PLOT-017519,0.9932539547666774
PLOT-017263,5.24042219273781
PLOT-016177,1.6646296316310112
PLOT-016162,2.549153873073069
PLOT-015630,3.1783493935195977
PLOT-015681,1.401690812457303
PLOT-018683,1.4476717389928724
PLOT-018016,1.6423104068206833
PLOT-018408,1.8969234522708622
PLOT-018240,1.7296312063094115
PLOT-016511,1.8818203088519352
PLOT-015621,4.406971223049885
PLOT-016450,3.5860985990174714
PLOT-017455,3.09867698053881
PLOT-016554,2.532088993919171
PLOT-016292,2.149303568797207
PLOT-016106,1.201282625614497
PLOT-016600,1.7662504270878954
PLOT-016409,5.116297290706814
PLOT-015132,2.7363157771861077
PLOT-016851,0.8160645130804086
PLOT-016124,2.7031061510882504
PLOT-016036,2.179405012795188
PLOT-015644,4.341672000381756
PLOT-015778,1.3535001607942
PLOT-016447,3.759540283504729
PLOT-018162,1.6214115927715396
PLOT-017716,2.9843364590871317
PLOT-017552,2.7241035630499018
PLOT-017314,1.952833664924045
PLOT-018456,3.6936839260490313
PLOT-018366,0.31436815256006734
PLOT-017516,0.7574410907658456
PLOT-017745,3.7077453485977
PLOT-016586,2.4049695999278455
PLOT-015117,6.134241615452049
PLOT-018642,0.9269039559674317
PLOT-016192,1.862682374145487
PLOT-017603,4.98750278368805
PLOT-015563,1.7109282213188186
PLOT-015722,3.579463428505003
PLOT-016418,2.6553619229923338
PLOT-015490,3.1272503876264857
PLOT-016070,3.4829797392426123
PLOT-017280,3.1571966166931835
PLOT-018148,1.7371159470137312
PLOT-017185,3.0994473578508686
PLOT-017320,1.9528384963940246
PLOT-017461,1.739854284844008
PLOT-017222,1.8769649690777181
PLOT-016458,3.7666007754409447
PLOT-017706,2.62608358045712
PLOT-018415,2.4731777605457697
PLOT-017068,3.7212563925915965
PLOT-017350,3.185369314489032
PLOT-015609,3.663960378856286
PLOT-016538,2.697606229868852
PLOT-016455,3.2335522019212126
PLOT-017436,1.235381371866645
PLOT-017021,3.510233812114603
PLOT-015997,1.7447688533130372
PLOT-015576,1.9624816837824164
PLOT-016163,2.8257697843293292
PLOT-015019,3.1055125997276307
PLOT-018325,2.995187424416319
PLOT-017906,2.539941095447576
PLOT-017751,1.4484020213656825
PLOT-016274,3.013693795321849
PLOT-015755,2.0475997246635433
PLOT-015754,3.4639962069825283
PLOT-017451,1.6406185566884395
PLOT-016327,0.7526875131481193
PLOT-015639,1.1973366838287907
PLOT-017749,6.331081558333926
PLOT-015043,2.1027212353622193
PLOT-015007,2.269078832617241
PLOT-018070,3.0765174400735678
PLOT-017383,3.7543669553778614
PLOT-015471,0.954961487996077
PLOT-015421,2.7756636482010713
PLOT-017310,3.353107372860297
PLOT-015189,3.343417182427269
PLOT-018619,3.370695852732974
PLOT-018662,2.295889996208652
PLOT-015905,2.2415398700969513
PLOT-017729,2.6157689388799654
PLOT-018049,5.353967053746664
PLOT-018258,6.033798081397179
PLOT-015464,5.56700194669684
PLOT-017950,2.519087961398587
PLOT-017629,3.025659581855657
PLOT-018281,1.0445795129574067
PLOT-017334,1.9250706866460237
PLOT-016435,4.38438923492404
PLOT-018689,0.05911234960628891
PLOT-016965,3.530940126925141
PLOT-015065,1.8508383984904082
PLOT-017043,0.9867747558948342
PLOT-017373,0.9488306825586917
PLOT-015432,2.362452865841369
PLOT-016432,2.208423066384954
PLOT-015101,2.5154131592590963
PLOT-015048,1.3796723785958724
PLOT-018103,1.2742162606016503
PLOT-018214,1.987451126075134
PLOT-016847,3.3553880383941563
PLOT-018171,3.3247061397495985
PLOT-017285,2.349257996685916
PLOT-017385,1.0582791336804043
PLOT-016777,3.0273899418657617
PLOT-017695,4.256260658694292
PLOT-018153,2.2447317269302776
PLOT-015828,1.4366520073159947
PLOT-017355,3.264184619828551
PLOT-015129,5.542826770315193
PLOT-018054,3.989756173794357
PLOT-017085,4.0221079507439415
PLOT-015849,3.0399485481445594
PLOT-016953,4.062594441091658
PLOT-015315,1.2646678823729989
PLOT-016647,2.945237345518706
PLOT-015237,1.9563398782536796
PLOT-018319,1.9900132083277715
PLOT-016873,0.7836643532222849
PLOT-017974,4.292608462593649
PLOT-018443,3.2300451427305825
PLOT-018365,1.0186965486829442
PLOT-017505,1.1068235708039285
PLOT-015522,1.6284779999353836
PLOT-018745,2.4336003359424216
PLOT-015054,1.9975323015174298
PLOT-017102,3.3987039350330885
PLOT-018242,3.6874053154429633
PLOT-017265,5.945279175977504
PLOT-016109,2.6480983403311495
PLOT-018447,4.353570086441159
PLOT-016193,2.2869875845438457
PLOT-016481,1.1980219431939563
PLOT-015382,2.519632858770936
PLOT-018343,3.7699292879588557
PLOT-017919,3.68407467334421
PLOT-015157,4.896122483433859
PLOT-018502,3.121416274075305
PLOT-017858,2.1428649771467896
PLOT-015558,1.6525896479135471
PLOT-015835,3.1687884273140177
PLOT-018622,1.86518078865391
PLOT-015463,3.779761664740171
PLOT-018368,1.2535911017278671
PLOT-018391,1.3649729395105512
PLOT-018371,1.0228604133611967
PLOT-016991,2.2652641578632755
PLOT-017973,5.883021508063385
PLOT-018296,3.554788008356556
PLOT-017471,2.4913974924597464
PLOT-017186,0.27848454400379746
PLOT-017409,1.7636055362275675
PLOT-016874,2.3133678877984667
PLOT-016806,3.0933309919810634
PLOT-015595,4.9125826519578295
PLOT-016085,0.6603210622639993
PLOT-018020,3.2811860797898977
PLOT-018746,5.0727645742416305
PLOT-016815,2.4620267098731974
PLOT-016770,2.617112470210018
PLOT-017325,2.5605402053351054
PLOT-017782,3.874048104589341
PLOT-015367,4.009361248667082
PLOT-016232,2.43468025039896
PLOT-018220,2.5772347408175444
PLOT-016601,0.9499414900438632
PLOT-016877,2.8385110822126136
PLOT-016671,2.3667750892913544
PLOT-015097,1.502236697597507
PLOT-015860,0.7828561180728268
PLOT-015364,1.6110498392978216
PLOT-017091,2.685219516375592
PLOT-015381,1.6457777434964045
PLOT-018647,4.8429108055174614
PLOT-018469,3.1092773808135057
PLOT-017336,1.5706990638238638
PLOT-015028,1.798270231742707
PLOT-016098,0.9423421395061018
PLOT-015447,5.005319405681938
PLOT-017820,4.453636024782246
PLOT-015820,2.6631932141349486
PLOT-018170,4.410790929843428
PLOT-017406,3.1798698321613994
PLOT-017123,2.53892675914764
PLOT-017638,3.7343866800897545
PLOT-017678,2.186624572258896
PLOT-017195,1.5158179247764785
PLOT-016622,1.771371388278291
PLOT-018173,2.1898537371827556
PLOT-015721,1.9731236583784295
PLOT-017714,1.8336668747268194
PLOT-017539,2.6799826843986363
PLOT-018397,2.4823947845657397
PLOT-017423,2.133415293880759
PLOT-016691,1.2885097924021005
PLOT-016642,1.136644734863407
PLOT-015779,2.5581542880921786
PLOT-017196,2.6565879415931124
PLOT-016023,1.7189680411143464
PLOT-018288,0.47525714464285596
PLOT-015004,1.967870366982531
PLOT-015428,1.4268941581113133
PLOT-016947,2.60224954355725
PLOT-018660,2.2510967250472733
PLOT-016467,2.552946707912563
PLOT-015516,1.0728838586620935
PLOT-017573,3.4802962456131246
PLOT-018058,3.1951287456876503
PLOT-018416,2.9733200570047393
PLOT-015350,3.4184860253251417
PLOT-016805,2.830329412858714
PLOT-018191,2.402567034683113
PLOT-016683,3.5011750399054375
PLOT-015660,1.7774301534289134
PLOT-018430,1.7721436913988753
PLOT-018005,0.6229809991762029
PLOT-017837,5.967548277185945
PLOT-015899,2.44664860829779
PLOT-017525,2.2703676521210783
PLOT-017969,2.8280038925485966
PLOT-015158,2.0288004819562153
PLOT-015383,3.012423795509722
PLOT-016721,2.402984101234371
PLOT-018356,0.7662336808550797
PLOT-015140,5.4793212209566855
PLOT-015465,2.7026411362292535
PLOT-017766,1.839027191691131
PLOT-018587,0.9100019728148814
PLOT-015299,1.9829228045960052
PLOT-015397,2.3201631064714334
PLOT-016615,6.105541017412833
PLOT-015934,3.651191693356384
PLOT-015887,2.856322535805161
PLOT-017283,2.8657910678157923
PLOT-018150,5.776217659876605
PLOT-016922,4.550093982365727
PLOT-016033,3.205058128288315
PLOT-016776,4.717007294821384
PLOT-018062,3.856676450958793
PLOT-016634,1.3221003655373096
PLOT-016048,2.817799787161498
PLOT-018157,2.030659574091431
PLOT-017537,3.269473467179431
PLOT-016528,1.2038685306039087
PLOT-018120,0.8082888865659685
PLOT-015846,1.8469286411165895
PLOT-015251,4.964498622213267
PLOT-017037,2.0783721890993916
PLOT-018669,2.1241112306364016
PLOT-015806,4.399914108002502
PLOT-016552,1.736052302557141
PLOT-017966,2.1044651381957618
PLOT-015715,1.0798834436938594
PLOT-015336,2.2403900808990582
PLOT-016659,2.1756065057235094
PLOT-015987,3.9793531138485916
PLOT-018505,3.117847857626833
PLOT-017993,2.560281029038464
PLOT-015195,2.4887435193735152
PLOT-017732,4.15352476098992
PLOT-017551,1.4424169400542586
PLOT-016857,2.19624282011231
PLOT-016044,1.7421153700371121
PLOT-015279,3.448342741539391
PLOT-015096,3.8785627838458474
PLOT-016521,2.3669650929042274
PLOT-015441,5.539482057420779
PLOT-016196,2.8317527663489286
PLOT-016812,3.3597800857662827
PLOT-016796,3.057082669701255
PLOT-016042,2.46411869610291
PLOT-017922,2.9032322688293277
PLOT-018247,2.3965490951007853
PLOT-017132,3.022136384248887
PLOT-015330,1.170454661782539
PLOT-015392,3.470950829548147
PLOT-018601,3.0833303310103832
PLOT-018315,1.565765367687855
PLOT-016515,5.161759881544132
PLOT-015861,2.890992820737936
PLOT-015745,2.533271059395492
PLOT-018347,1.4559789835597057
PLOT-017878,1.695064100657878
PLOT-016111,2.088501604025551
PLOT-015327,3.680391849153473
PLOT-016119,1.9985529960856496
PLOT-016088,3.357823873726809
PLOT-016897,4.641196921869721
PLOT-017958,1.0666109266760198
PLOT-018625,1.875636879787904
PLOT-018595,1.7000317204719222
PLOT-015003,2.3365560604993614
PLOT-015594,3.145454118218645
PLOT-018522,4.2894054919916105
PLOT-018290,2.3020272640147237
PLOT-016490,2.900861747104023
PLOT-018277,2.364107612106622
PLOT-016870,1.4225687881764124
PLOT-015549,2.8026001347884466
PLOT-015556,4.492599016227841
PLOT-016358,1.378295678602381
PLOT-018163,2.186093018868321
PLOT-015541,4.23427450311244
PLOT-018433,3.568361075476284
PLOT-015252,4.02841129083786
PLOT-015264,1.9974554097172776
PLOT-017622,0.9444637419518317
PLOT-016471,1.691905558857527
PLOT-016234,2.508098293928412
PLOT-018679,4.306768331570395
PLOT-016401,-0.1982689872486529
PLOT-016853,3.898582800932926
PLOT-017094,3.9742469857733167
PLOT-015918,3.456236954075919
PLOT-018310,1.9411995067780128
PLOT-016064,2.9504873344535487
PLOT-016533,2.326802385558069
PLOT-017579,3.460993284577582
PLOT-015300,4.606773145258143
PLOT-017743,2.162486648849356
PLOT-017326,1.9426795013453473
PLOT-018033,2.5143414716117554
PLOT-015553,2.9124887494574603
PLOT-016512,1.4875877948626963
PLOT-018260,2.4432168093507403
PLOT-015467,2.0189009611709032
PLOT-015344,2.8512116041645195
PLOT-017508,2.2707419070446737
PLOT-018654,2.4080423849185006
PLOT-018513,2.695201089232711
PLOT-017654,4.115115672533847
PLOT-018031,1.9669841803972514
PLOT-016417,0.48314753358754126
PLOT-017673,1.420886646354853
PLOT-017028,3.1943991168149144
PLOT-016448,4.646382669784695
PLOT-015166,1.5242352099290102
PLOT-016706,1.0458758089502573
PLOT-016338,3.4775262097010287
PLOT-017441,0.6735707488199164
PLOT-017307,7.193897947908931
PLOT-018004,2.4480387532180496
PLOT-018189,2.8277915496721
PLOT-018221,1.4318210880030318
PLOT-015439,2.5082840686586385
PLOT-017288,4.7349595962247335
PLOT-015021,2.687063059547949
PLOT-018060,3.3193746487821847
PLOT-017401,2.3207213624264593
PLOT-016079,1.1383874691653089
PLOT-016918,0.09986008698686194
PLOT-018279,0.795523833604628
PLOT-017215,3.819457184107044
PLOT-017883,2.328941355210324
PLOT-016227,4.8062180804510515
PLOT-018193,2.2192737138887915
PLOT-016650,3.1701059067854294
PLOT-017073,3.7207560261585315
PLOT-016213,2.0132455290890383
PLOT-016544,2.0558913590237253
PLOT-016807,6.049651760172464
PLOT-015313,4.206802708749132
PLOT-015487,1.4872555547594883
PLOT-015229,3.675645005650393
PLOT-017570,2.720010062903287
PLOT-017149,4.098441251806066
PLOT-017512,2.0351300165316624
PLOT-017415,0.7734500390187438
PLOT-017671,2.5601466576262495
PLOT-015286,1.8125186131582454
PLOT-017416,1.471615067001954
PLOT-016698,1.2266088660438481
PLOT-017791,4.66134643060766
PLOT-016653,3.1791841599834556
PLOT-016901,3.7508826526684276
PLOT-015810,4.056436989309072
PLOT-016693,3.1170642630651817
PLOT-017795,3.6918350576264793
PLOT-015431,1.8238337983451687
PLOT-018618,2.315325120534341
PLOT-017691,1.431984792600534
PLOT-018688,2.821906463108432
PLOT-016368,2.239149303686025
PLOT-015620,0.9962976394684088
PLOT-017145,3.311568052291201
PLOT-016520,3.9978814198992256
PLOT-017880,3.1210802075998294
PLOT-015936,2.1167412916432613
PLOT-016205,2.569810540338382
PLOT-016202,2.6701201594570216
PLOT-018695,2.033970636849868
PLOT-018377,0.7174321517786729
PLOT-018578,0.8602103561514719
PLOT-015130,2.215514454958241
PLOT-015521,2.249224908236864
PLOT-015955,6.68533526203579
PLOT-015913,3.3555824437666297
PLOT-015859,3.5486119966709286
PLOT-016854,2.3654021525946494
PLOT-016315,2.761516680749391
PLOT-017154,3.6564748211065745
PLOT-018613,2.442093533329416
PLOT-015127,1.8497640773800719
PLOT-015284,3.824885590918197
PLOT-018138,3.6200385368208887
PLOT-015978,3.1914025045598855
PLOT-015623,4.533121440977194
PLOT-018735,3.8937174591063886
PLOT-015688,2.893796747310269
PLOT-017370,1.0275212044616084
PLOT-016366,2.623179325963948
PLOT-017500,2.408646680045629
PLOT-015995,1.9519622921488446
PLOT-018380,4.257416089479216
PLOT-017850,0.9274489265806249
PLOT-018112,1.3137679198480667
PLOT-017267,2.364160744825403
PLOT-015610,2.942058955200449
PLOT-015458,2.8324432579248984
PLOT-017785,2.1194319620534
PLOT-018676,3.0017475089363095
PLOT-017158,0.9627640439465521
PLOT-015462,2.108923216746111
PLOT-016573,2.990334089652416
PLOT-015792,0.728951586571884
PLOT-015504,2.4086958156073397
PLOT-015308,5.311964496640341
PLOT-017193,2.714289174884106
PLOT-015363,4.377385182006449
PLOT-015579,1.5227774504796732
PLOT-015105,1.4611662682380422
PLOT-016705,2.7934980495242447
PLOT-017862,1.525397050078272
PLOT-016132,3.035033321357492
PLOT-015507,2.1685585010346142
PLOT-017268,2.4864036369616276
PLOT-016011,2.281374840375607
PLOT-018604,5.027954151200409
PLOT-015946,2.9154257030954605
PLOT-018284,2.6010969704026565
PLOT-017040,0.7241463706595667
PLOT-018444,2.6021591755951987
PLOT-017206,3.2116394096803114
PLOT-016336,1.5498965551497828
PLOT-018381,0.9499899226340129
PLOT-017522,1.3592608544023348
PLOT-017613,3.089547073577065
PLOT-018439,4.009593049404172
PLOT-015188,2.181443642806703
PLOT-016793,4.053869404095737
PLOT-017261,2.039765001454848
PLOT-017657,1.465463905078314
PLOT-017609,3.019602843139584
PLOT-017589,3.7578802406093423
PLOT-018624,2.0506766408226906
PLOT-018576,2.834374145474918
PLOT-017635,2.4301530413195627
PLOT-018175,3.3239266336494064
PLOT-017886,3.03120184960238
PLOT-016959,1.384996858477028
PLOT-015976,1.8896890825157675
PLOT-016707,6.7756523913628826
PLOT-017290,1.5155158009450174
PLOT-017255,1.4771040151583792
PLOT-016818,2.1182500874289327
PLOT-015862,4.60962654883316
PLOT-016173,1.1016480451480863
PLOT-016651,3.3696898851063644
PLOT-016340,5.273766983269959
PLOT-018546,1.7890112240185938
PLOT-015281,0.9054916296681786
PLOT-016509,1.9946167457813642
PLOT-016832,1.1877805700913917
PLOT-017571,2.1042659227421625
PLOT-016115,0.7059946576300488
PLOT-015353,1.796070367973752
PLOT-016034,0.6234635825166601
PLOT-015731,4.41757089969573
PLOT-016445,1.1877885189091435
PLOT-015702,1.5708124944309476
PLOT-018635,3.64377053629403
PLOT-018691,1.9292384270482152
PLOT-018194,3.303237900644534
PLOT-015160,5.914424209531861
PLOT-018154,1.9198921649391416
PLOT-016881,3.164671692248779
PLOT-018206,1.455465377843296
PLOT-018742,3.3573548072541186
PLOT-016678,1.6504350588928898
PLOT-016137,4.3896465516766545
PLOT-016385,2.8761303840668626
PLOT-016198,0.5705503703096712
PLOT-017237,2.2897542630535925
PLOT-015501,2.025760891191637
PLOT-017076,1.728106254226188
PLOT-017376,4.0002281929180015
PLOT-015162,2.497617150133713
PLOT-018700,2.637994353676147
PLOT-017152,0.7527870008672044
PLOT-017358,1.5374726727329342
PLOT-015185,2.1519229184412723
PLOT-015459,1.531643258977892
PLOT-017057,3.0555549146488645
PLOT-017387,1.5238117318515572
PLOT-016007,2.749537528379145
PLOT-016008,5.7078095541401925
PLOT-017588,1.5808841845360875
PLOT-018237,2.1975278805609553
PLOT-018374,5.057858318749637
PLOT-017388,2.2259029075344605
PLOT-016890,1.065033395197771
PLOT-017270,2.0330899508880815
PLOT-016287,2.3143930439795706
PLOT-015368,2.6463583002598874
PLOT-016168,2.070670503206464
PLOT-016402,2.968205308598012
PLOT-016925,4.2215696184900295
PLOT-016318,2.606134267078562
PLOT-015493,1.9868095135974364
PLOT-015231,2.6319438840986473
PLOT-017623,1.891000552917344
PLOT-015333,1.6703896430976324
PLOT-016475,2.819634359787326
PLOT-017882,2.1940196128370832
PLOT-015788,2.0455423592277175
PLOT-016138,2.725258662553265
PLOT-018082,4.603260104682483
PLOT-018131,2.8037897787219235
PLOT-017694,2.670688911880422
PLOT-017868,1.3379103400186254
PLOT-015380,2.083107334322104
PLOT-017554,4.584401965171519
PLOT-017713,2.4387129449065763
PLOT-015067,4.0736816237083575
PLOT-016979,1.346085062614495
PLOT-017271,3.087189187847623
PLOT-016882,0.7567747507218415
PLOT-015477,2.30939836945346
PLOT-018069,0.6127210608556529
PLOT-017976,4.238006447022345
PLOT-018048,2.805648562397959
PLOT-016172,2.061386265051971
PLOT-018086,1.0127708689667128
PLOT-017599,1.016755266158465
PLOT-016281,1.0121749922936283
PLOT-015425,1.5859023377942978
PLOT-016602,0.8797304328688341
PLOT-017224,2.4482550335153626
PLOT-015207,4.234753548063894
PLOT-016333,1.8888030545927008
PLOT-015199,2.1863686431671217
PLOT-018659,3.8864591593347493
PLOT-018556,2.79232976860035
PLOT-016938,2.8101877687508163
PLOT-015881,3.4920128952363205
PLOT-015143,3.0617135433305798
PLOT-016772,1.3371440598730286
PLOT-016580,1.938311626052994
PLOT-018580,2.468701991253636
PLOT-015249,1.5644760624893617
PLOT-018294,2.169345216404225
PLOT-017392,1.919946631713163
PLOT-016454,3.384397212634288
PLOT-017424,2.959746565409197
PLOT-017633,0.9061099245742036
PLOT-015417,1.8020932410805097
PLOT-018569,2.11730810392948
PLOT-017722,2.5446093686136315
PLOT-017669,2.5266062252491994
PLOT-017245,3.320283863798667
PLOT-017515,1.4154554861642072
PLOT-017357,1.869945490523468
PLOT-017972,1.565503356485532
PLOT-018230,1.334173575676918
PLOT-017979,1.9649708956484473
PLOT-016128,0.8614249933616532
PLOT-016522,1.1364309722548689
PLOT-017495,2.041954642338509
PLOT-017483,2.0887096474193463
PLOT-016485,3.0810464026857676
PLOT-016990,5.047612356266877
PLOT-018043,5.1826007570091654
PLOT-015912,3.117913390401215
PLOT-015326,2.636083746709803
PLOT-017171,1.0835110517744682
PLOT-015083,1.9049187843706143
PLOT-015765,2.802775818351285
PLOT-017422,3.730382865506991
PLOT-017676,3.038692291279666
PLOT-015102,2.0197720903381184
PLOT-015146,1.765974077362091
PLOT-016133,2.337482382990669
PLOT-018064,3.3354815611852224
PLOT-015394,2.6126521639270774
PLOT-018384,5.010866444971877
PLOT-017217,3.5847437497336636
PLOT-017805,2.1856891316450335
PLOT-018557,3.028922081667155
PLOT-016221,2.1004175404611467
PLOT-017317,1.8588030112327278
PLOT-017869,3.2612350861659514
PLOT-018682,5.066748005641686
PLOT-016288,2.4549058759245006
PLOT-015321,0.7452390088011563
PLOT-015111,2.6215153418708055
PLOT-015588,2.8711448925564533
PLOT-016957,3.556496334596057
PLOT-018219,2.85688229312782
PLOT-018705,1.8079793886407611
PLOT-018074,1.709105718936509
PLOT-017616,0.9881004059121888
PLOT-016478,2.7882492044875185
PLOT-017397,3.2203096624790204
PLOT-015136,3.9904482100260577
PLOT-016158,3.2122561299858026
PLOT-015653,4.600510622697486
PLOT-017391,2.4788109869799397
PLOT-017431,4.128453792225686
PLOT-017935,4.781196928658688
PLOT-018019,5.017292444779405
PLOT-018146,3.0000723472828303
PLOT-016047,2.7427421684923816
PLOT-017661,3.9015869488554857
PLOT-017547,2.5993263715353954
PLOT-016530,3.1845322007770536
PLOT-015930,0.7611955421495035
PLOT-016464,2.103750804441148
PLOT-016875,1.6894311494952927
PLOT-015220,2.2981791058232854
PLOT-017136,4.1622229525286825
PLOT-015927,2.9074067326544473
PLOT-017463,3.433690165457483
PLOT-016453,3.982361655036585
PLOT-017540,1.501183365677428
PLOT-017788,2.5267833743294275
PLOT-016945,1.8489094469439993
PLOT-017684,6.091788749351831
PLOT-015533,0.9520527741939114
PLOT-017901,4.230013329311575
PLOT-015606,1.6475218756844294
PLOT-015074,5.089241026723333
PLOT-016764,3.5351885496140167
PLOT-015648,2.123008261146301
PLOT-017653,2.2104367491835837
PLOT-016322,1.8871248473510802
PLOT-016576,2.5368549499701145
PLOT-017209,1.332493711094998
PLOT-015113,2.320575348868639
PLOT-017963,1.9198102057682656
PLOT-015986,2.403045666627988
PLOT-018126,1.8359862586283613
PLOT-015747,2.881074585452472
PLOT-016863,1.6317692504787966
PLOT-015222,5.3062820048106545
PLOT-015518,2.3059751903877075
PLOT-016348,2.748043031233559
PLOT-016502,1.7059739950361812
PLOT-017666,2.579685221815159
PLOT-016665,4.087074366677033
PLOT-016555,1.7782109224219613
PLOT-018528,2.987589776003678
PLOT-017725,3.05114062077625
PLOT-015035,1.9879840232552675
PLOT-015830,2.4630643356729016
PLOT-017175,2.5738280251656396
PLOT-017631,2.2065427356914062
PLOT-016761,2.264288317322107
PLOT-015347,0.9316902885138598
PLOT-015167,0.891049675030892
PLOT-018253,3.6871333799892865
PLOT-015116,2.053529485548102
PLOT-015530,3.6457490976203406
PLOT-016394,1.2434441808913497
PLOT-016028,2.571305552084759
PLOT-018599,2.402511863222471
PLOT-017445,1.962381292428042
PLOT-018529,3.0973094009484483
PLOT-017872,4.242678285241917
PLOT-018550,1.922168327126371
PLOT-017659,0.8364004182412401
PLOT-017702,2.4754277459319964
PLOT-016779,2.955526804447572
PLOT-016025,2.202707636475864
PLOT-015081,4.256550276347085
PLOT-017162,3.007982469314604
PLOT-017030,1.1834095883495206
PLOT-018728,1.437247129791411
PLOT-018180,3.3418836316706213
PLOT-016476,4.028942554851978
PLOT-018197,0.9566314926019983
PLOT-016477,1.0650637403260828
PLOT-017510,2.9744129631756384
PLOT-018582,2.149157425282671
PLOT-016886,2.123852058436616
PLOT-018231,2.9247108524460828
PLOT-016629,2.3597227801541494
PLOT-017464,4.111157321041909
PLOT-015040,3.3708894094477535
PLOT-016704,3.7549411004365867
PLOT-018308,3.851794665925917
PLOT-017859,2.6949268871109764
PLOT-015311,2.767251373544131
PLOT-016631,2.294443557568828
PLOT-017218,2.517530837468767
PLOT-017067,3.1122343424848813
PLOT-016426,3.61705418856499
PLOT-017002,2.0219634989523856
PLOT-015357,2.0589297284373163
PLOT-018473,1.881331763660457
PLOT-018372,1.7270012381126734
PLOT-016827,1.2729639532152528
PLOT-015128,1.7872653231991695
PLOT-016009,4.706696178366275
PLOT-016813,0.7926260649806668
PLOT-017244,3.046097672826237
PLOT-015657,1.367466463372167
PLOT-016246,3.0041552597719536
PLOT-018472,1.8820299453660903
PLOT-015201,1.8542903859597366
PLOT-018543,4.696363263980687
PLOT-016421,2.166057489697805
PLOT-018190,3.1807791691204716
PLOT-017757,2.2088521052045254
PLOT-018545,2.465256466967632
PLOT-017964,0.8575586281962367
PLOT-015593,3.3673140807442627
PLOT-015970,3.7042621277766594
PLOT-015202,2.184753055353871
PLOT-018137,1.7006029816039425
PLOT-016974,2.1238157257164834
PLOT-017480,1.0761948601304396
PLOT-018524,1.1163901882733258
PLOT-017382,2.905519308998535
PLOT-017252,1.4815238479391188
PLOT-016980,1.281044162509264
PLOT-018427,1.7657696218264867
PLOT-017941,3.8810575390990367
PLOT-016187,2.2337743896063325
PLOT-015351,2.56973561659827
PLOT-016755,4.444300719496251
PLOT-016595,1.414664401986108
PLOT-015042,3.1766944765854235
PLOT-018026,2.5890006488915875
PLOT-016273,4.946397284443136
PLOT-015574,1.8092657507456584
PLOT-016920,3.9914262554124287
PLOT-018224,2.1225797220462144
PLOT-015856,2.7696387560212257
PLOT-017141,3.5360842627633184
PLOT-017047,0.8802557144634531
PLOT-016808,0.9784373647523112
PLOT-018125,0.7425042653531984
PLOT-016898,4.9431356810823415
PLOT-016846,2.8809319119126284
PLOT-015875,3.713612714546857
PLOT-015103,1.3831387590360198
PLOT-017506,2.6123795937958807
PLOT-015604,1.849863166088579
PLOT-018597,1.4809042708546396
PLOT-016233,2.572281161385755
PLOT-017959,6.071481583199459
PLOT-016433,2.0317048576824903
PLOT-015384,2.2706319333977727
PLOT-015893,4.069882480592691
PLOT-015056,4.058643520279144
PLOT-015711,1.9614258022521747
PLOT-018461,1.8765047372197998
PLOT-015355,3.1019959117094187
PLOT-016842,2.5684035955573497
PLOT-016018,1.5501203910602817
PLOT-018645,1.146530433531621
PLOT-015307,5.850654470302249
PLOT-015813,1.1683871670239874
PLOT-015041,2.0370546350914283
PLOT-018421,3.392691721950205
PLOT-016405,4.935153647697184
PLOT-016681,4.363859074989945
PLOT-015882,2.5874571229563843
PLOT-017220,0.7848670010185734
PLOT-015698,2.2160547364021386
PLOT-017364,1.9505192424003184
PLOT-018233,2.205477748855113
PLOT-017051,4.136241446643258
PLOT-017378,2.9156131237409983
PLOT-015215,2.701456060118504
PLOT-017146,2.735638841448551
PLOT-016370,2.1476772503726873
PLOT-016566,0.7004793576225307
PLOT-018702,2.8484661895964285
PLOT-017360,0.9486431776130323
PLOT-016516,1.1806907925571235
PLOT-016766,3.023549628363681
PLOT-017452,1.4419332983398143
PLOT-016037,1.9360362612827646
PLOT-016510,2.695539887544057
PLOT-015411,3.409977992225182
PLOT-017981,1.1409786356861478
PLOT-016301,1.593010150565225
PLOT-016296,2.0340352006208025
PLOT-018498,2.5463500796240255
PLOT-017601,3.008950435406929
PLOT-018566,4.092702617236156
PLOT-015758,2.9855305811805537
PLOT-017212,3.002427855111792
PLOT-016317,2.154541545327378
PLOT-015073,4.787660000398948
PLOT-015025,2.3879097269243674
PLOT-017208,3.266043148758536
PLOT-016126,4.142985721130917
PLOT-016139,0.861013144459823
PLOT-015505,2.0126703618593362
PLOT-016560,2.2223902813135568
PLOT-017230,3.175270303081193
PLOT-016120,2.410456044295316
PLOT-018414,0.8385682172196594
PLOT-015586,2.1731527182308796
PLOT-017909,3.227134092595898
PLOT-015611,1.7729902608278512
PLOT-016089,2.4480415166296545
PLOT-016535,3.178485829126302
PLOT-016408,3.467592440676115
PLOT-015348,1.1905605328714917
PLOT-015885,2.619015343940409
PLOT-018644,2.7278195922721915
PLOT-018087,2.435279823448702
PLOT-015782,6.1029523722133625
PLOT-018246,2.243816710019195
PLOT-017458,4.119234221201383
PLOT-015629,2.8952566759557046
PLOT-015408,3.0454850249126095
PLOT-015164,2.8959050405484303
PLOT-017957,2.2153638256206434
PLOT-016969,2.0727732374124486
PLOT-016649,3.6350581194330243
PLOT-017380,3.1602150735145527
PLOT-016087,2.6856087876109114
PLOT-018572,2.0157645846349292
PLOT-018101,2.3037227935825304
PLOT-017389,3.6168608709642687
PLOT-018709,3.8924624485832156
PLOT-016754,1.0290054413292606
PLOT-015294,1.8788238355609945
PLOT-015965,4.361375493801875
PLOT-016822,3.2315444525577806
PLOT-018234,2.2340522655296433
PLOT-015528,4.771154353766449
PLOT-016968,2.6932587694197854
PLOT-015027,2.35518977469436
PLOT-017478,5.798955181483164
PLOT-016673,4.465787790808586
PLOT-015274,4.668519592167271
PLOT-016072,3.56444124592057
PLOT-016074,3.7032150474220247
PLOT-017356,0.8021240390574608
PLOT-017494,3.1178975316800264
PLOT-017405,3.451485836363347
PLOT-017774,3.2685220126302412
PLOT-015585,2.1412163234749078
PLOT-015837,3.1417120361131556
PLOT-015710,5.398990320474414
PLOT-017819,1.734325085686672
PLOT-016250,2.256124575084429
PLOT-016437,2.4327424522621786
PLOT-016553,4.3687476008982555
PLOT-015816,3.636740252189833
PLOT-018694,1.0696210159498667
PLOT-017427,7.384734006501089
PLOT-015957,1.6820715463195455
PLOT-015302,4.161934430532994
PLOT-018289,2.511823026857938
PLOT-018636,2.7521075964401835
PLOT-016063,3.103051126567408
PLOT-015872,2.519770861022856
PLOT-018271,2.6882571650716973
PLOT-017861,2.2467831795299746
PLOT-017936,3.4729152673140296
PLOT-015923,2.1566652649417684
PLOT-015059,3.691564411233516
PLOT-018014,4.05264822206232
PLOT-018420,3.5437879460204447
PLOT-016975,2.8206741720754613
PLOT-015023,1.9250482204005517
PLOT-017474,1.513281942611232
PLOT-015683,3.1192059894027935
PLOT-018512,4.238519969452876
PLOT-018483,1.9343974543794014
PLOT-017056,1.1820994096472845
PLOT-015228,3.7836105050689364
PLOT-015489,2.2637786418099513
PLOT-018201,0.7830171318312343
PLOT-015829,1.8940724485758855
PLOT-017784,2.0552886624962023
PLOT-015385,5.741049338870102
PLOT-015015,1.9916066174307185
PLOT-017399,3.063165333323822
PLOT-018541,3.731437554054368
PLOT-016388,2.253758092735313
PLOT-018041,1.1627920373731486
PLOT-016588,1.1022300815747788
PLOT-018445,2.4918084337898323
PLOT-016751,1.618662152517184
PLOT-016150,3.4075132784120634
PLOT-016304,4.21012453292706
PLOT-016231,6.323688899700788
PLOT-016792,2.8891402951186884
PLOT-016269,2.86757493047033
PLOT-018474,1.5312708093436638
PLOT-015497,3.794218835710056
PLOT-015352,2.9592173490751423
PLOT-016838,0.968126451106989
PLOT-015001,2.984205764236411
PLOT-015285,1.7307440106798067
PLOT-016646,2.9180614306157384
PLOT-015783,0.8170278364115825
PLOT-017462,1.0597892136120657
PLOT-018321,3.8642188466530567
PLOT-015068,2.860044726478138
PLOT-015403,3.2047244543964584
PLOT-015797,1.498410611208953
PLOT-018725,2.805709468098399
PLOT-018021,2.296950630656954
PLOT-017023,4.403820209679353
PLOT-015177,1.4863800485893464
PLOT-015953,1.9328549301403073
PLOT-017139,2.9538266085907936
PLOT-016200,2.544008381609384
PLOT-017843,2.158519391308232
PLOT-017300,1.5452275891926814
PLOT-016756,2.0772534879372246
PLOT-016577,4.240568150008992
PLOT-017241,2.958122268275206
PLOT-017852,2.989827280192552
PLOT-016507,1.9104000158436
PLOT-016497,3.4988017322928973
PLOT-017688,5.220054448017881
PLOT-015538,1.2255656255620344
PLOT-016330,1.8021923138955607
PLOT-018207,3.040921550364752
PLOT-018459,5.223570014355189
PLOT-016488,3.964419079233221
PLOT-017018,2.351322246590203
PLOT-016744,2.671641332357245
PLOT-017920,0.9459134255104268
PLOT-017408,3.0414689308520395
PLOT-018431,1.2797140249076255
PLOT-018563,4.171845713776598
PLOT-018596,6.864115073387627
PLOT-015948,2.3672264146139352
PLOT-015510,2.7379992856203206
PLOT-016393,1.29012005755237
PLOT-016508,5.529911236626468
PLOT-017398,3.7834541154074692
PLOT-017808,2.8857921492123007
PLOT-016331,1.9309213218058767
PLOT-016309,5.100395827376021
PLOT-018002,1.220942620369741
PLOT-017396,1.3912059333170432
PLOT-017420,1.6905209877800418
PLOT-017544,4.029003631594584
PLOT-017354,1.727253142022636
PLOT-017608,2.717756785682553
PLOT-015663,4.713332607596557
PLOT-015573,1.9561415341310278
PLOT-017896,2.3542016852221224
PLOT-017372,3.3321194635947933
PLOT-018265,2.088948163189529
PLOT-018151,2.790164100080939
PLOT-017485,5.6468683055089635
PLOT-017187,2.3571728790505637
PLOT-017584,3.848170025996982
PLOT-017045,3.70894819157314
PLOT-015282,4.137780863743421
PLOT-015258,2.954890150241756
PLOT-016811,2.0766900718915533
PLOT-016797,2.241097850141255
PLOT-017604,4.0098616018537925
PLOT-015725,3.6773249572322237
PLOT-016636,2.2024020142070944
PLOT-015677,1.7214110629987873
PLOT-017489,2.671719753126483
PLOT-016152,4.102856557287396
PLOT-016346,4.754305343102361
PLOT-015055,3.2839326395327366
PLOT-017773,2.162198330042831
PLOT-016411,2.6036302044237116
PLOT-017755,1.2852903287307467
PLOT-017214,2.698868572911767
PLOT-018583,2.560150454870308
PLOT-016361,2.8053503613134354
PLOT-015888,2.311913733680714
PLOT-018001,4.01918014131462
PLOT-016819,3.4107650179346347
PLOT-016972,0.7521370547007836
PLOT-015714,3.520903136522118
PLOT-018405,1.9379970997815856
PLOT-016056,4.0165446608094495
PLOT-017286,2.4996094121746264
PLOT-017207,1.227488042937
PLOT-015617,0.9281502273837016
PLOT-015123,3.341308236984807
PLOT-018205,3.368273808789802
PLOT-015334,3.2704710764661145
PLOT-017816,4.102800213113338
PLOT-015304,4.869946898453981
PLOT-015980,2.7869391301455924
PLOT-018329,2.014620809733651
PLOT-015581,3.2827785145404293
PLOT-016616,3.45904145542453
PLOT-016194,1.5782242865235898
PLOT-016824,1.0989477702050008
PLOT-016879,2.5309805087651043
PLOT-016981,3.750408333363403
PLOT-016861,1.9055867233690265
PLOT-016350,0.8572593473288467
PLOT-015409,2.6383198423221055
PLOT-015675,1.3668823665959848
PLOT-015297,2.399041465989983
PLOT-015925,0.493301380647394
PLOT-015022,2.7189660802828204
PLOT-018000,6.001224707637909
PLOT-017479,3.4188317346955683
PLOT-015728,5.352691233116904
PLOT-016307,2.6948721383045853
PLOT-015671,1.9609577598557772
PLOT-016672,3.316194550117658
PLOT-016199,1.908584574432007
PLOT-018717,4.478271425757184
PLOT-018652,3.641095285573556
PLOT-015293,4.057465863614154
PLOT-018730,0.6869932927697815
PLOT-015126,3.0351740150624957
PLOT-017247,3.3990472404828127
PLOT-017578,0.8257312859545335
PLOT-017467,2.2881316033266597
PLOT-015692,2.699338934531683
PLOT-015686,2.588240057708042
PLOT-015817,3.4076651472948716
PLOT-015216,3.4392861598152282
PLOT-015152,5.219141465630786
PLOT-017999,3.9730115683257745
PLOT-016992,3.0039976925701426
PLOT-017605,3.6611217877277222
PLOT-017008,2.337422043386269
PLOT-015478,3.6162480685720895
PLOT-016282,2.4216230598403463
PLOT-016604,4.567076398914583
PLOT-017518,1.6566412772503067
PLOT-016666,2.933967352853543
PLOT-017962,4.3042714555964645
PLOT-015812,2.506887064237705
PLOT-015250,2.047998670231579
PLOT-015843,2.8041021949719447
PLOT-017125,2.131582675895285
PLOT-017857,2.1619027271767255
PLOT-018640,2.9672034262170945
PLOT-015967,1.7667915756966577
PLOT-017885,2.8089880475844837
PLOT-015972,2.2280575723479115
PLOT-016896,1.9148066287914927
PLOT-017235,0.5742733678807572
PLOT-015246,2.8647434389771314
PLOT-017203,1.9360175815738543
PLOT-018641,2.0267473876627697
PLOT-018307,1.9465385307324734
PLOT-018379,2.8606687630578467
PLOT-017331,4.046602510712581
PLOT-018744,0.03215218275330939
PLOT-017585,4.161726425486305
PLOT-018272,2.220354648981677
PLOT-016505,1.942345253096642
PLOT-016345,4.447154272227453
PLOT-018091,1.0769383802339914
PLOT-015975,3.053269182164883
PLOT-017686,1.828575744001764
PLOT-016645,3.120895042374161
PLOT-016679,2.3210796687346558
PLOT-017697,2.5867032910580106
PLOT-015122,1.663311091484891
PLOT-016534,4.422924666834862
PLOT-018044,0.5273901744892152
PLOT-018169,2.6439637894750097
PLOT-017967,4.279422740231717
PLOT-017100,3.8198411631658105
PLOT-015869,3.7091294361328053
PLOT-018646,1.979526600519281
PLOT-016030,4.992559088497377
PLOT-015756,4.16618096827976
PLOT-016998,3.052184796874495
PLOT-016156,1.5116888157639001
PLOT-017115,3.246890220898753
PLOT-017817,2.91921306237951
PLOT-015332,3.1490190636773328
PLOT-016592,2.6171617238022766
PLOT-017384,2.962885385144677
PLOT-016575,2.9253595587745664
PLOT-017683,2.3999656482811127
PLOT-015472,2.15474346286243
PLOT-015901,2.586559953095751
PLOT-015865,2.5422122233295776
PLOT-016329,5.101088940679936
PLOT-016342,3.889469665809086
PLOT-015741,2.396098321011352
PLOT-018478,1.8579986359474396
PLOT-018291,3.311915362798858
PLOT-017180,2.4717046732480235
PLOT-018484,4.390115887011561
PLOT-017562,1.5579698990718862
PLOT-016628,3.6132487191655978
PLOT-017806,3.4960264299956467
PLOT-017438,5.1245138341077405
PLOT-016149,2.8908203986067864
PLOT-018045,1.8511469042438093
PLOT-018164,3.296046624561252
PLOT-015256,4.512389791299758
PLOT-015633,3.0499580495913725
PLOT-017337,1.5115272164616684
PLOT-018009,1.8111045992687131
PLOT-015777,4.031578718157909
PLOT-017953,0.9449791294096038
PLOT-017101,1.7982259974971526
PLOT-015557,0.9843952295760582
PLOT-018481,3.648130084977573
PLOT-016985,2.213169601756131
PLOT-017088,3.5735941713484682
PLOT-015261,2.704954454490529
PLOT-017131,2.2064728838553336
PLOT-018011,3.9719170538856376
PLOT-018040,3.0938645124473765
PLOT-016889,3.0388837681124437
PLOT-017532,4.830735598055782
PLOT-017078,2.1073796831680007
PLOT-018034,4.815447674508591
PLOT-018436,1.5035713039519383
PLOT-015208,3.215069467011335
PLOT-018349,1.3292918879972961
PLOT-016913,2.8038389136562882
PLOT-016606,3.2210285478778937
PLOT-016020,0.7322889652321571
PLOT-018348,3.4395225689727402
PLOT-016403,3.4306220156090714
PLOT-017555,5.853890033109382
PLOT-017096,1.3426809289186952
PLOT-015209,1.0630191357494756
PLOT-015153,2.1354290714381507
PLOT-017881,2.419287862897307
PLOT-016590,2.7826161913541028
PLOT-017442,3.5131659851093175
PLOT-016147,3.416230343317393
PLOT-016967,2.428927791603688
PLOT-017316,1.1501218747686606
PLOT-017433,1.7408945609394684
PLOT-016633,2.0120676162253766
PLOT-017089,3.2009546995610427
PLOT-015597,3.7641049419496664
PLOT-016931,4.527519397301595
PLOT-016656,3.0820874461265992
PLOT-015680,2.052187224671178
PLOT-016565,2.3886954924820167
PLOT-018275,2.747643195386397
PLOT-016328,2.870993458672428
PLOT-017087,2.4034509513826032
PLOT-017753,2.622874018748996
PLOT-016518,3.1193824738762945
PLOT-017287,1.9619180799904476
PLOT-018713,3.779189462935038
PLOT-015221,3.8679870799178637
PLOT-015225,1.7140860240986737
PLOT-018577,3.8248945800383085
PLOT-018166,5.0282280502974075
PLOT-017517,3.5978138678712286
PLOT-017642,1.9998791590722127
PLOT-017393,3.8655135357441694
PLOT-016760,2.947599781357238
PLOT-016360,2.1576740868352036
PLOT-017324,2.5055015631441755
PLOT-018155,5.280949578462357
PLOT-017802,2.9131160784691255
PLOT-016492,5.279617255469467
PLOT-017744,1.607729936045806
PLOT-017763,1.0117372370373974
PLOT-017009,3.761974842032608
PLOT-015205,2.889036324826327
PLOT-016027,1.9720998823307787
PLOT-018540,3.502896014691837
PLOT-017596,1.4799686736083464
PLOT-016046,3.246288693059365
PLOT-015693,3.8493729788797437
PLOT-017956,3.7940954247701026
PLOT-018549,1.496662316572592
PLOT-016186,3.5368738439580145
PLOT-016369,2.8330876940553957
PLOT-016907,2.8736011352713056
PLOT-017726,0.8977864076107872
PLOT-015016,1.760318353040692
PLOT-017514,1.394702889701619
PLOT-017205,2.2485657519307223
PLOT-018729,2.08795963183294
PLOT-016676,1.1172782582030998
PLOT-016184,5.035550185110442
PLOT-017353,2.3438936271868873
PLOT-015656,2.708622979469861
PLOT-016571,2.6623127772231086
PLOT-016737,3.999173599439795
PLOT-016419,2.061472335245679
PLOT-015399,2.8018875487523207
PLOT-015618,3.102042409288127
PLOT-015508,0.7025109765707018
PLOT-018106,4.335046269169517
PLOT-018437,2.9880870250136065
PLOT-017960,3.6383618666628537
PLOT-015867,5.097471012853084
PLOT-017507,2.6943458871409156
PLOT-015886,2.510766368311723
PLOT-017110,2.8948666199483197
PLOT-015599,4.985406109431086
PLOT-017658,3.749855838844735
PLOT-015457,1.9466547547185462
PLOT-017618,1.7115708720533716
PLOT-016117,2.6885180547597285
PLOT-015870,3.923081190611173
PLOT-015790,2.6449982910589718
PLOT-017260,2.7267496379391343
PLOT-015954,1.3923239790853987
PLOT-015650,4.630975216788421
PLOT-015733,2.335873397076747
PLOT-018533,3.296472453990704
PLOT-015379,1.5972399422685368
PLOT-017612,2.5413591012366874
PLOT-018030,2.717401083579655
PLOT-015956,2.875941640087803
PLOT-015171,2.1189881021567336
PLOT-016944,2.925489107102448
PLOT-017279,2.840945887614759
PLOT-015659,3.2664213950859993
PLOT-017430,3.2313938290634896
PLOT-017528,0.7175873727698496
PLOT-017120,2.246162710457327
PLOT-016094,1.5151640526460757
PLOT-018068,3.3997770431101264
PLOT-018707,2.120891075241229
PLOT-017219,2.497299563154857
PLOT-015642,2.083933640055267
PLOT-015168,2.379518406694368
PLOT-016517,3.147042344481418
PLOT-016800,4.025360036041316
PLOT-017682,2.6204455514359926
PLOT-016917,2.6469698698667674
PLOT-015272,5.367645296952496
PLOT-016215,3.6627313159004444
PLOT-017468,2.656254024005057
PLOT-016118,2.5821147021699016
PLOT-018098,5.579369286020524
PLOT-018350,2.1960211060440136
PLOT-016066,3.269608583881701
PLOT-017104,2.9353687436806966
PLOT-017792,4.017235323930196
PLOT-017877,1.9312109641819195
PLOT-016912,2.7768561308523796
PLOT-015038,3.7929320540557936
PLOT-015306,3.972034178725024
PLOT-015006,1.8402897469291184
PLOT-017456,3.336358591176256
PLOT-015781,3.1018969453000773
PLOT-016190,1.651738658150319
PLOT-015534,2.3436640039803547
PLOT-015583,3.7080806873774197
PLOT-017980,2.2698087670562432
PLOT-018671,2.4769290534780195
PLOT-018168,4.607774495624477
PLOT-018440,5.377126685144154
PLOT-017750,3.61656664599195
PLOT-015316,4.351165136273271
PLOT-017197,3.556846831182418
PLOT-017414,1.1292980528640493
PLOT-017564,4.209895021830292
PLOT-016794,2.032773582436424
PLOT-017581,3.2400690842107607
PLOT-017708,4.022868168698127
PLOT-015271,2.843506412071046
PLOT-015548,2.484314330471043
PLOT-016692,4.503162257190706
PLOT-016719,2.9490193635072566
PLOT-018451,2.085041646594188
PLOT-018464,1.8365844382340843
PLOT-017390,5.444513514112599
PLOT-015598,2.1854964582005243
PLOT-016689,2.950671925170003
PLOT-015894,3.085145488989444
PLOT-018733,2.240746176701514
PLOT-016775,6.06969754926778
PLOT-015570,1.4580457319270739
PLOT-016999,1.0221049843469543
PLOT-017122,0.9440679783359237
PLOT-015061,2.254564267896271
PLOT-016247,2.453955200947548
PLOT-018748,5.642395615685159
PLOT-016259,2.653791969340908
PLOT-015809,2.034740593752826
PLOT-017292,3.6415442292775975
PLOT-016049,0.8382001493854124
PLOT-018454,2.7784526749804024
PLOT-015107,3.1358168866993
PLOT-017153,3.8546108392272256
PLOT-015673,2.0751379251812208
PLOT-017690,1.6157442350734927
PLOT-017995,3.9481986368974127
PLOT-015665,3.8936224209124526
PLOT-015509,2.943926751303357
PLOT-017179,2.8573740196719504
PLOT-016640,1.89413253721718
PLOT-017492,2.212717964704498
PLOT-018303,2.771100388659199
PLOT-016532,3.323044347250105
PLOT-015866,3.129134501474802
PLOT-016855,5.890284668482137
PLOT-016736,1.1641915548406083
PLOT-016060,3.7469373645292774
PLOT-018536,4.34161932894606
PLOT-017105,3.0669541543728727
PLOT-018419,0.8427052645552632
PLOT-016973,1.0338080689493214
PLOT-015589,2.038795440893477
PLOT-017996,5.325400392350739
PLOT-018263,2.8699062536012985
PLOT-015086,5.025879571974371
PLOT-018615,0.6425902055849609
PLOT-015771,3.027749095223558
PLOT-017954,4.35951162163173
PLOT-016249,3.239944408315013
PLOT-015708,5.09394892739654
PLOT-017472,3.9033138793617477
PLOT-017985,2.2654509665601106
PLOT-018316,0.9467834653295936
PLOT-017586,1.9274614025496783
PLOT-016860,1.675583723062551
PLOT-018181,3.1180275954323546
PLOT-017128,2.15950615625372
PLOT-018305,2.0147754193149083
PLOT-018177,1.9691913370542464
PLOT-015418,2.2361229414553923
PLOT-016461,2.4210194725441463
PLOT-016484,2.1629030376008402
PLOT-018609,5.8286344292865
PLOT-018465,2.793337295842395
PLOT-018600,2.792614853938103
PLOT-015851,4.033077934900635
PLOT-016004,4.065097802922184
PLOT-016996,2.7971107517269465
PLOT-016834,3.229318077304617
PLOT-017947,2.6820514421967743
PLOT-015436,1.922188363956231
PLOT-016316,4.339140331101358
PLOT-016623,3.388533855983883
PLOT-016480,3.775256522319614
PLOT-016648,2.341179370122891
PLOT-016003,2.8649378234729435
PLOT-016278,1.7742556043776876
PLOT-016823,2.755698997776378
PLOT-018029,3.5050447133003275
PLOT-018602,1.0923522865109212
PLOT-016836,1.681725456683566
PLOT-018554,4.189536720591522
PLOT-017352,2.3009175235692494
PLOT-017282,1.6941424108999956
PLOT-016546,2.156736399316937
PLOT-015335,3.332343099722356
PLOT-017617,4.199498841793077
PLOT-015088,2.070425798540985
PLOT-015874,2.121791738613787
PLOT-018285,6.355174459231104
PLOT-015543,2.5374529088931568
PLOT-016241,2.2407359539317144
PLOT-017760,4.297240022550173
PLOT-016880,4.24612014892861
PLOT-018611,4.874663743318509
PLOT-018111,2.960530812119047
PLOT-017269,2.6252805358307136
PLOT-015319,2.768216185169771
PLOT-015519,0.9324786212650378
PLOT-017903,1.5224576675203048
PLOT-015878,1.8900882517438287
PLOT-018561,2.601077611797294
PLOT-015825,2.565562370689203
PLOT-016290,1.058130238753858
PLOT-018210,2.677471345984106
PLOT-018333,1.128662708296427
PLOT-015138,2.986763465027328
PLOT-015163,5.124015263428907
PLOT-016618,2.12189378930362
PLOT-018539,6.107993979812714
PLOT-016791,2.057447050109542
PLOT-016045,1.5872283638817277
PLOT-015960,2.138670970729764
PLOT-016750,3.3695696503076227
PLOT-018212,1.7504057754223823
PLOT-017830,2.41004833304976
PLOT-016504,4.387139508831847
PLOT-017889,2.1693103820579367
PLOT-018692,2.0014911686973904
PLOT-016059,1.7308418971361057
PLOT-017681,4.303695172015741
PLOT-018409,0.8889491348715359
PLOT-015655,2.0507518322774154
PLOT-017064,0.5171938579027708
PLOT-018603,4.328973601790373
PLOT-015137,0.9074691724211243
PLOT-017946,1.4489661296120955
PLOT-016976,0.92683998743845
PLOT-016581,2.1079646016200364
PLOT-015697,3.851733854696849
PLOT-016097,2.8626832437452197
PLOT-017836,2.4961983524965037
PLOT-018268,1.0632218461094223
PLOT-017453,3.7174202554941136
PLOT-017496,2.9349879357269297
PLOT-016392,2.6040054935561807
PLOT-018655,3.5937232216396446
PLOT-016266,1.3529781552753963
PLOT-017375,2.4051666597126595
PLOT-017365,1.955752706246291
PLOT-015135,1.3740297635002297
PLOT-016169,1.6946952409199858
PLOT-017574,2.769411603777282
PLOT-017135,3.609940728998189
PLOT-016503,1.9171139403602895
PLOT-016362,2.323220015862105
PLOT-017998,2.2362871451736197
PLOT-015148,4.7020089187150855
PLOT-015303,2.9176682765304047
PLOT-016017,0.7227174321837639
PLOT-016924,1.3507195760589559
PLOT-016052,4.33056209319795
PLOT-018423,2.066826675050887
PLOT-017413,3.918044769453916
PLOT-017637,3.00093786513171
PLOT-018262,1.7736791636229061
PLOT-016904,3.2835349439002774
PLOT-018254,2.677942242481292
PLOT-015198,3.2418838267119017
PLOT-016768,3.072275578721696
PLOT-017240,2.516183433908422
PLOT-015404,2.6925674292558077
PLOT-018328,2.510395319842994
PLOT-018743,2.665962193077548
PLOT-015483,2.5609575479737803
PLOT-016182,1.9831749126298919
PLOT-016339,3.4559572489662442
PLOT-016280,3.0569479541038973
PLOT-016031,3.338906239843231
PLOT-015791,4.226841838794543
PLOT-015799,5.035598816962653
PLOT-017432,2.315971433033389
PLOT-017798,2.095025518034159
PLOT-016201,4.247877167995817
PLOT-015422,4.398778901557094
PLOT-017362,1.3703825009757995
PLOT-018716,5.8622029912551366
PLOT-016883,3.83959426800911
PLOT-018684,0.2437498394196149
PLOT-016479,4.097022188435154
PLOT-017591,2.0916133001012205
PLOT-016928,1.025322918820413
PLOT-017710,2.269618880267732
PLOT-018147,3.196218824774688
PLOT-016529,4.074596272561905
PLOT-015902,2.2874751126818325
PLOT-017809,3.2942656619859982
PLOT-015685,5.081118939572616
PLOT-016551,4.083145758246963
PLOT-018438,0.6956449755281305
PLOT-015159,1.0870212383172033
PLOT-015999,1.656211356619785
PLOT-018056,2.534963572496846
PLOT-018535,2.96437646360669
PLOT-017250,4.920698023350504
PLOT-017689,1.3914152561351658
PLOT-015112,0.670178889444209
PLOT-018567,2.824010651648244
PLOT-016446,2.00891635219964
PLOT-016952,3.2273128963239506
PLOT-015922,3.5638969287030786
PLOT-016624,6.676444303500669
PLOT-018228,1.1172270211694528
PLOT-017853,2.7628584092474293
PLOT-016319,1.7724889598491689
PLOT-016663,3.0265058770095896
PLOT-015815,2.997102814727778
PLOT-018095,1.444443920799369
PLOT-017266,2.416251750966887
PLOT-016473,2.662445947276964
PLOT-016773,2.176947883016947
PLOT-015679,2.2358885940865054
PLOT-018199,1.2814568486626137
PLOT-016093,3.2396264344652055
PLOT-015080,0.783490838491758
PLOT-016950,1.2018524226587162
PLOT-018519,1.455905405454403
PLOT-018075,0.9131301868374807
PLOT-018280,4.140359649814779
PLOT-017800,1.5529407061343783
PLOT-016239,4.237139566727201
PLOT-015329,2.654559645524141
PLOT-015242,2.740152825267542
PLOT-018073,3.76242912748624
PLOT-015641,1.024126633274239
PLOT-015696,4.436988567352727
PLOT-017257,0.8148184028280185
PLOT-017818,2.551173158719587
PLOT-015753,2.731087592256409
PLOT-015435,1.7789940584951474
PLOT-016563,2.3132257196319044
PLOT-016934,1.419764467896105
PLOT-018457,3.09366602423297
PLOT-016712,2.9456695194428124
PLOT-015551,1.4397068224834744
PLOT-018127,2.793290026633134
PLOT-018255,5.062835536812428
PLOT-015601,1.9663967987932114
PLOT-016964,1.241770410931977
PLOT-016013,1.4698833997907583
PLOT-018204,3.816817114010353
PLOT-016427,1.684135383283648
PLOT-017012,2.2636991191449165
PLOT-016386,4.543350638796134
PLOT-016295,4.553373982756264
PLOT-015466,3.727897049096439
PLOT-016499,4.525358092574569
PLOT-018218,1.4382172161052742
PLOT-018670,4.427071120863107
PLOT-015277,2.2816599351317444
PLOT-016069,2.232831797712364
PLOT-016548,1.0562658885700218
PLOT-016024,1.5302947872900603
PLOT-016465,3.5098646614593183
PLOT-017770,1.744315840682804
PLOT-015940,1.9767959997825706
PLOT-017834,4.64834480360889
PLOT-018297,1.014670803226621
PLOT-016466,2.209116263052372
PLOT-016323,2.4060980524151483
PLOT-017675,2.288134370573148
PLOT-016399,5.52185748582097
PLOT-018099,3.884484491956264
PLOT-016449,1.5704969651683676
PLOT-015906,3.440310452246672
PLOT-018352,1.7188034535819625
PLOT-017611,3.0257741976018275
PLOT-016895,3.8089934701102437
PLOT-015388,3.6895588796700194
PLOT-017070,3.361226037395596
PLOT-017943,3.1689231061159377
PLOT-017172,3.07137950496626
PLOT-017968,3.89413236971912
PLOT-017821,3.442683153199814
PLOT-015880,2.0803841541704493
PLOT-018425,1.1963719644240367
PLOT-015050,3.7832979361189274
PLOT-016887,1.24040974508248
PLOT-016702,1.6585443962299937
PLOT-018359,3.761341453076121
PLOT-015133,1.7381412242308207
PLOT-016105,3.1441770285907777
PLOT-015703,2.3728127647656434
PLOT-015482,5.010642573916747
PLOT-016145,3.334072133218077
PLOT-017038,4.428829467213907
PLOT-018673,1.2474343376115438
PLOT-015066,2.6224235356283376
PLOT-018479,1.3855414494883476
PLOT-017781,3.2467685744756305
PLOT-017313,1.7673029095749544
PLOT-017849,1.6586060746332734
PLOT-018351,5.164075387313589
PLOT-015907,3.3684697028397386
PLOT-015031,3.7417048865534324
PLOT-017465,2.049878735981313
PLOT-017929,3.572881506276465
PLOT-017680,6.703691667762412
PLOT-018551,3.125211259336868
PLOT-015010,1.6774058366751434
PLOT-015064,0.7983271588392256
PLOT-015776,3.8422216273631613
PLOT-015077,3.5830634381733564
PLOT-015491,2.6526548705345783
PLOT-018145,0.9559349165976192
PLOT-018273,3.9740641475133884
PLOT-017580,5.579394362020849
PLOT-017113,3.3132331877707695
PLOT-018453,0.7597282173394017
PLOT-017344,3.881653209322771
PLOT-015591,1.3628683751267732
PLOT-017815,1.4698649504066734
PLOT-016285,1.047356328528118
PLOT-018269,3.9203902581892875
PLOT-015724,3.6342750658335157
PLOT-017674,3.9421592012857665
PLOT-018142,4.40766131387121
PLOT-018708,1.0319264999628013
PLOT-016212,2.080301243322512
PLOT-018643,3.5357015172721367
PLOT-017299,3.2047029983593944
PLOT-018223,1.923556474835859
PLOT-016637,2.668950185609417
PLOT-018581,3.8265717251739284
PLOT-018574,5.270354499986362
PLOT-018665,4.48219280501976
PLOT-015982,2.0122249350072794
PLOT-015706,1.7343792283977577
PLOT-017535,3.222349086382701
PLOT-016687,0.5758093222599208
PLOT-018388,4.413646139640992
PLOT-015273,1.346314828533784
PLOT-016709,3.6540003887430736
PLOT-018249,3.02918381731414
PLOT-018429,6.003799220342416
PLOT-015963,2.2289385809878404
PLOT-017925,1.4323764058434107
PLOT-018136,2.2910118264404393
PLOT-018573,0.4932203521028436
PLOT-018706,1.1615396870355674
PLOT-017459,2.443540551628924
PLOT-018327,2.6756843991948824
PLOT-018192,4.397373407909561
PLOT-016452,2.9828572185636166
PLOT-017715,0.4639090518271376
PLOT-015149,2.5554844178452396
PLOT-017692,2.1020543764486623
PLOT-017767,2.6821795477879204
PLOT-016757,4.455301241798312
PLOT-015218,2.907841831620371
PLOT-015239,2.370913295195522
PLOT-016131,3.3009016351587377
PLOT-018390,3.270111795969117
PLOT-017840,3.6136192680265222
PLOT-017239,4.114045334944688
PLOT-017381,2.0196946083725176
PLOT-016253,2.3448140770544934
PLOT-016053,2.9564074226408112
PLOT-018010,2.683953735324517
PLOT-016668,2.9694089826015837
PLOT-018178,2.446597001822558
PLOT-018712,2.0787652205813125
PLOT-016357,3.346688587654452
PLOT-015775,2.8587905509250615
PLOT-017630,2.079198914427023
PLOT-017832,2.773830437651048
PLOT-018274,2.3894139882799386
PLOT-015839,3.590467671450455
PLOT-015627,1.6977243446866552
PLOT-015323,1.369041754922789
PLOT-018402,2.050105031956039
PLOT-018675,1.1454759130246541
PLOT-016867,3.4039288364982343
PLOT-016160,2.3031846273768064
PLOT-017826,1.5909055668695358
PLOT-016076,1.8593703049972177
PLOT-017987,1.039454049645387
PLOT-015437,3.3176326156774354
PLOT-015119,4.24795773117765
PLOT-018306,2.614161845997318
PLOT-018089,2.257252405405887
PLOT-018314,2.9805236177126577
PLOT-016814,3.664231372711413
PLOT-016839,3.651039481130312
PLOT-016026,2.8145130434982923
PLOT-015076,2.4254252859712646
PLOT-015900,1.4526415932103878
PLOT-015371,3.6531160073184763
PLOT-016204,3.5245207935540086
PLOT-018186,2.978221119905343
PLOT-018736,5.528015461939262
PLOT-015941,3.636166136613608
PLOT-017625,3.6862356738345583
PLOT-017867,1.6370053155817201
PLOT-015552,1.4388923322124185
PLOT-015406,3.728170769893155
PLOT-017117,2.438016074123255
PLOT-016613,2.2024183287501935
PLOT-017934,1.0477947296320895
PLOT-015968,2.1047691062346847
PLOT-017833,3.5253716866167184
PLOT-018293,1.3688123108787558
PLOT-018367,3.8592729995701065
PLOT-017349,1.9105824944379821
PLOT-016746,3.4030083581305113
PLOT-015689,2.265190063823156
PLOT-017860,2.481436877172049
PLOT-016738,2.3833917622430714
PLOT-015236,4.805521475601684
PLOT-018592,7.275920184716045
PLOT-016986,2.732684746302139
PLOT-016983,2.8254663256796517
PLOT-017842,3.121355817031488
PLOT-015499,1.380113871845372
PLOT-015822,0.839408429781226
PLOT-015794,3.177119099650229
PLOT-018278,2.819401743239597
PLOT-015990,1.8096845424623333
PLOT-015567,2.8121064682073413
PLOT-017982,2.754399205134208
PLOT-017435,2.693329681203102
PLOT-015390,3.166776018530122
PLOT-015743,4.673419510834737
PLOT-017400,2.3650841092880093
PLOT-016217,4.277148031241193
PLOT-015235,3.300905152050643
PLOT-018467,5.361131183790042
PLOT-015480,3.7218525629613985
PLOT-017042,1.1728369114703798
PLOT-017615,1.9988769189366329
PLOT-016677,0.9880711120855086
PLOT-018442,1.4186457966639654
PLOT-018626,2.564965528665852
PLOT-018241,0.6680888639580956
PLOT-018318,2.4389282423774157
PLOT-015120,1.1461840917199488
PLOT-018487,3.939307133043194
PLOT-018072,2.4109835232422543
PLOT-016272,3.54940112823814
PLOT-015926,6.107496078524249
PLOT-017563,4.036427415231439
PLOT-016594,2.3816818941837528
PLOT-015223,3.383793530610716
PLOT-015766,6.025906430434984
PLOT-015613,0.710143900344289
PLOT-017891,3.6680035034874314
PLOT-016245,3.7383418283865044
PLOT-016540,0.9419588619029526
PLOT-015052,0.7933131526402788
PLOT-015529,3.829946725589231
PLOT-017533,2.9230809270505067
PLOT-016899,2.10285211961113
PLOT-018677,2.6915964145063174
PLOT-015818,2.028516037888591
PLOT-015155,3.0792299169702995
PLOT-017648,1.4332134703547275
PLOT-018612,2.9219739938391704
PLOT-015248,3.865086711334035
PLOT-015761,1.411451867033618
PLOT-016894,3.9811523037540657
PLOT-017029,3.491249360330545
PLOT-018589,3.3634228860911493
PLOT-016130,1.8866037537293114
PLOT-015542,2.720176837529777
PLOT-015793,3.355197452882938
PLOT-016725,2.144792935609564
PLOT-018200,3.168919837299365
PLOT-015628,2.032482307230526
PLOT-017198,5.736345923562987
PLOT-018401,5.32116079399597
PLOT-017339,3.1151897532978623
PLOT-017429,3.0349769319796263
PLOT-018579,1.9836321556976446
PLOT-017734,5.010198884718678
PLOT-016367,4.4979991814353575
PLOT-016620,3.330844022895111
PLOT-017945,3.582231707279645
PLOT-018500,2.734015800670118
PLOT-017902,5.287197876377143
PLOT-016071,5.026808316380755
PLOT-015554,3.2326065572502474
PLOT-016828,3.8472135634124798
PLOT-015826,4.12210803424638
PLOT-016984,2.820618917481163
PLOT-018450,1.516384745182977
PLOT-016837,4.169266514619523
PLOT-017939,6.709099113386287
PLOT-015535,4.5455644467986245
PLOT-018361,1.4136159530706702
PLOT-017663,5.516357196904484
PLOT-015154,3.3790763090949083
PLOT-018238,3.4548009088601503
PLOT-018149,2.2608495473050385
PLOT-017952,4.281967985716469
PLOT-018538,3.478526280002992
PLOT-015322,4.476341065874967
PLOT-016710,2.5029776814289737
PLOT-015014,3.8048765442296686
PLOT-016798,1.6005018105496238
PLOT-018542,2.9721941461797874
PLOT-015082,3.807032639958007
PLOT-017560,1.968232628203228
PLOT-016943,1.997519122258145
PLOT-016988,1.619282869293734
PLOT-017672,4.684415824912245
PLOT-016383,3.7168560974883254
PLOT-016574,4.115753397861025
PLOT-017977,3.205547670234483
PLOT-018392,2.127746029080989
PLOT-017058,2.400763363628977
PLOT-018617,2.4423916796401923
PLOT-016494,2.18771018132207
PLOT-015831,3.9273110345079236
PLOT-017080,1.7901241680578237
PLOT-016174,5.136367168560085
PLOT-015413,3.6385205906090166
PLOT-017628,6.267485542627872
PLOT-016817,3.5105140062228086
PLOT-015165,2.8022095487206404
PLOT-018236,1.039534857236611
PLOT-018667,4.504267720818631
PLOT-015614,3.689599680454254
PLOT-018093,2.831770658319821
PLOT-016014,2.9655219011110687
PLOT-017137,2.809615886195322
PLOT-018462,2.6694195036980095
PLOT-018452,0.735359152065716
PLOT-017649,2.3914151423123386
PLOT-016237,1.0954839551781628
PLOT-017181,2.07600982120654
PLOT-015555,2.7545775228754885
PLOT-018079,1.3124994103582168
PLOT-018320,3.9258626223984963
PLOT-017368,2.586446672237816
PLOT-018530,0.6835579091913809
PLOT-016211,2.8285811036461013
PLOT-018499,0.8698346373063867
PLOT-015634,4.312826741952109
PLOT-017600,3.1418954967943344
PLOT-016055,3.4319360598567776
PLOT-017340,4.043267311936075
PLOT-016708,2.5147879232063683
PLOT-015796,2.2173744346604822
PLOT-017990,5.441297631957378
PLOT-018471,1.6960629929811093
PLOT-015174,0.8838144072245554
PLOT-017814,2.234386730229814
PLOT-015245,3.0936693172953094
PLOT-016080,3.116314304707185
PLOT-016654,4.1817886126560895
PLOT-018711,3.033525775842386
PLOT-015144,3.829214231958253
PLOT-015145,4.673748878805936
PLOT-015090,1.2724840540927855
PLOT-015682,1.1089216681856255
PLOT-015310,1.9448062697531598
PLOT-015093,1.3780992132886294
PLOT-018322,2.050469993549675
PLOT-016956,2.438907301727912
PLOT-015924,5.758941965188726
PLOT-018448,3.995493564247306
PLOT-016909,1.5288714177199476
PLOT-016035,7.7667917977011705
PLOT-016400,1.775343085121949
PLOT-017291,3.664368993795142
PLOT-016500,2.8318101159640503
PLOT-018159,2.442750878384293
PLOT-017262,3.248260673429637
PLOT-016468,1.0530214241221911
PLOT-015998,1.9174077101099305
PLOT-015853,3.4122322865912826
PLOT-017473,1.0037094300735092
PLOT-017204,6.4980943220702105
PLOT-016142,2.180439377301565
PLOT-016143,2.825923688625822
PLOT-017274,0.3551746963219918
PLOT-017944,3.594411341354761
PLOT-017048,3.39930114929227
PLOT-015401,2.465491114746042
PLOT-016103,3.1609545816155373
PLOT-015084,5.38345880320636
PLOT-017210,2.0802133818404
PLOT-018620,1.2365707858515658
PLOT-015114,2.5474398775477534
PLOT-017718,2.9483106707182345
PLOT-018222,1.846528201934274
PLOT-018276,5.573304904247764
PLOT-016585,3.3380386706138414
PLOT-016567,1.9885007713269272
PLOT-017937,2.840780338602742
PLOT-016501,1.9537315836240132
PLOT-016660,4.334902163492273
PLOT-016556,2.505219539454853
PLOT-017007,0.9772796276967687
PLOT-015625,3.271076323758276
PLOT-016885,1.1653635387486423
PLOT-018722,4.546850810312715
PLOT-016866,3.68222043612609
PLOT-015952,3.758026237317412
PLOT-017855,3.8602874425499354
PLOT-017306,0.8860272968565605
PLOT-015624,1.65743732186422
PLOT-017874,2.4503655947095226
PLOT-015234,4.39272174050068
PLOT-017183,2.3774110450285497
PLOT-017664,4.497547421333054
PLOT-018267,2.4513602611824767
PLOT-017884,3.1915840092070678
PLOT-017890,1.9124666537378596
PLOT-017034,1.2233004286006275
PLOT-018007,3.295748245904294
PLOT-016826,4.403030833670158
PLOT-018571,1.951724086636488
PLOT-017640,2.9011464921005268
PLOT-016314,0.9156274059868075
PLOT-016525,4.1782674428116096
PLOT-016562,2.8855615470919695
PLOT-016752,2.2008685101709227
PLOT-016605,5.526776957010477
PLOT-015343,2.0537776435509247
PLOT-018726,1.6462426225797882
PLOT-017341,2.0659932488152766
PLOT-017412,4.4154339458984095
PLOT-017226,1.7475890881162104
PLOT-017707,4.913799838144813
PLOT-015996,3.157856285185654
PLOT-017062,2.337231302977212
PLOT-016110,1.4046548167149946
PLOT-017213,1.850713737604113
PLOT-018203,0.745999444899482
PLOT-016359,2.4274138781209254
PLOT-017107,1.6854931254286607
PLOT-015709,3.941731433245478
PLOT-016878,1.4005017960224495
PLOT-017724,4.741749557222938
PLOT-016378,3.325366792269409
PLOT-017828,2.450416112264357
PLOT-015424,3.094303661314645
PLOT-015292,4.366503218807658
PLOT-016065,5.038728030657762
PLOT-017921,6.11397238576214
PLOT-017377,2.31158544592117
PLOT-016638,2.849066508091246
PLOT-017477,2.7914057745461323
PLOT-016012,1.9241129516820334
PLOT-017127,2.8029248699933715
PLOT-016717,2.7818146622054516
PLOT-018100,4.7627534550497685
PLOT-015937,1.9073634769550314
PLOT-015834,1.2569130783431723
PLOT-017797,1.565129330262608
PLOT-017938,2.6900424725661085
PLOT-015254,2.97479488128222
PLOT-018495,3.376315802655448
PLOT-016482,3.1393946574662412
PLOT-018721,2.201977676476357
PLOT-016407,1.9660545056400984
PLOT-018156,2.9256660696312227
PLOT-018649,2.115142984471463
PLOT-017184,2.6042175410804633
PLOT-018183,2.9537315324832125
PLOT-018266,1.7042440885981809
PLOT-017900,1.9762100864658334
PLOT-018250,3.583964899486161
PLOT-015723,5.304177673889595
PLOT-017907,2.5993075454156873
PLOT-015969,4.260660062884556
PLOT-015496,1.82893433262788
PLOT-015950,1.5231104380129008
PLOT-015805,1.8865182154323674
PLOT-016829,2.4998412950152633
PLOT-017177,0.6994720531884019
PLOT-016739,2.4705803980576193
PLOT-015337,1.3626940148922106
PLOT-015730,2.34541186078251
PLOT-015608,0.20138247875239215
PLOT-016148,3.488319457280482
PLOT-017243,0.7066517192480807
PLOT-018298,0.8433729448021473
PLOT-016713,3.882631232481783
PLOT-018340,0.8540796324887412
PLOT-018738,2.6095618328478194
PLOT-015909,2.481407268192257
PLOT-017632,3.2883278754288447
PLOT-017151,2.2810862785156916
PLOT-017010,2.1225569515756693
PLOT-017491,3.162014664959497
PLOT-018631,2.714999688699985
PLOT-016810,3.4629341523998374
PLOT-016994,1.102694525948022
PLOT-015719,2.651567820459661
PLOT-017932,1.5676331985695904
PLOT-017824,0.8253625755072174
PLOT-016569,2.029385122920588
PLOT-017897,2.3059320061612505
PLOT-017942,0.777628979004102
PLOT-017275,2.6105002935718136
PLOT-015434,1.8220072081391567
PLOT-016299,1.7992109921188524
PLOT-017174,3.2233665495083383
PLOT-015405,1.8990747247996818
PLOT-017823,2.9426592066204313
PLOT-015821,3.6664433309709086
PLOT-017759,1.5537431120737852
PLOT-016789,1.7146250519249848
PLOT-018674,4.707443171917848
PLOT-018108,2.9193419520803574
PLOT-018211,4.943782609226266
PLOT-017351,1.9704342153386254
PLOT-017315,1.5102508263460346
PLOT-016858,5.291526852541145
PLOT-016557,1.9284739408758282
PLOT-015545,2.807745118022097
PLOT-015212,2.715510190994634
PLOT-015896,3.899552713378379
PLOT-018270,2.1526979765541165
PLOT-016941,2.5600008767917855
PLOT-016891,3.4433150126879575
PLOT-015916,3.120603754430712
PLOT-017723,2.511869357807616
PLOT-016289,1.0646329111998953
PLOT-015814,5.207033024047078
PLOT-016265,1.2176467047037844
PLOT-015342,1.5579728780441044
PLOT-017597,2.84485754876279
PLOT-016410,3.056647461921815
PLOT-016214,3.097703593330159
PLOT-015966,4.703172177037217
PLOT-016230,3.3978686849662916
PLOT-017343,2.165591601260166
PLOT-015695,3.165244237720397
PLOT-017121,2.630566664899514
PLOT-015605,3.3163947193922922
PLOT-015104,2.8870836686486108
PLOT-015645,2.23174116465939
PLOT-016404,2.762359966231137
PLOT-015494,2.742078758819291
PLOT-018088,2.233783396123599
PLOT-017487,2.9315411984322273
PLOT-016019,3.655153265083227
PLOT-015091,4.818814624609695
PLOT-016112,3.4823240758882434
PLOT-018741,3.889229077654964
PLOT-015908,2.241711891082846
PLOT-016474,3.2822682705754134
PLOT-016741,3.166179585394919
PLOT-017150,1.9073924195539023
PLOT-015238,2.603954893452098
PLOT-018466,2.8570832464136204
PLOT-015942,2.6495935295748057
PLOT-016270,2.4367898086024065
PLOT-015938,1.9783882935409365
PLOT-016424,4.8772369004291525
PLOT-018229,0.8579189739331904
PLOT-016862,2.0187076532326897
PLOT-016669,2.2413218516583613
PLOT-015005,1.8084961028674293
PLOT-015247,3.210019245351883
PLOT-018013,4.174151416845488
PLOT-015018,1.7908175759367755
PLOT-017169,2.0510143238785568
PLOT-016970,3.7907840615428006
PLOT-017709,2.022083044633409
PLOT-017232,3.3354789609880933
PLOT-017322,1.27211254503288
PLOT-017481,4.652416273143584
PLOT-015811,2.012043268885426
PLOT-016300,1.6386793497439722
PLOT-016335,1.508192041757961
PLOT-018632,3.600490456483876
PLOT-015260,3.4739348582151277
PLOT-016804,3.2448112283517667
PLOT-016570,3.685316399807169
PLOT-017229,4.065113165904726
PLOT-015184,0.9282936483187912
PLOT-017454,3.1458416678342367
PLOT-016743,2.5357974275656012
PLOT-017913,2.7845433981163756
PLOT-016630,3.2056544112582364
PLOT-016716,1.0248234758861072
PLOT-015520,0.9957713746629763
PLOT-018051,2.9279716188494684
PLOT-017428,3.209992924295949
PLOT-017016,5.461298446807251
PLOT-016658,3.4192911147154352
PLOT-018441,3.9610111975752207
PLOT-016612,2.1703966321142567
PLOT-017475,1.8921354077154466
PLOT-017126,4.099021587833509
PLOT-018057,0.9439788382199885
PLOT-018734,2.987682367805226
PLOT-015607,7.147489037925209
PLOT-015230,3.7509642359920012
PLOT-018140,1.1635326910084245
PLOT-015331,2.0172978779797157
PLOT-018105,1.3534390139262031
PLOT-016440,2.171773529282912
PLOT-016927,2.1075821120775147
PLOT-016091,1.5267480996018046
PLOT-016101,4.3097276495774
PLOT-016129,3.6173361881813992
PLOT-018283,2.07265164963922
PLOT-015461,1.794286791411479
PLOT-015958,1.5061713364472529
PLOT-016662,1.7704059303556936
PLOT-015559,2.7033892270874773
PLOT-017894,4.238934962850949
PLOT-017738,0.5219483050796382
PLOT-018526,2.0996464706163915
PLOT-016519,1.1083166040681438
PLOT-017140,3.2460240191869274
PLOT-018630,2.3762903724708204
PLOT-017032,5.161219339450175
PLOT-017484,2.714291770700846
PLOT-017538,0.9343399831786264
PLOT-017097,1.523679192269231
PLOT-018435,3.1405958936499707
PLOT-018565,1.8511418938586022
PLOT-015069,3.8680741669514855
PLOT-016572,2.061209090402141
PLOT-015808,1.5885743207487204
PLOT-018232,2.24812950731897
PLOT-015011,0.7067625082399869
PLOT-017025,3.8906510292425738
PLOT-017192,2.2954107629106777
PLOT-015917,2.885784808809723
PLOT-016451,3.7289468240140313
PLOT-017687,3.5321005305430875
PLOT-015176,2.537071755331411
PLOT-015994,2.570036869232926
PLOT-017488,3.4231039562804746
PLOT-017569,4.13687808475969
PLOT-018740,4.056102352948443
PLOT-018052,3.7170644516689975
PLOT-016255,2.996149870451945
PLOT-018282,3.7989564151025865
PLOT-016664,2.21200385657366
PLOT-017191,3.8603524971731336
PLOT-017801,1.1772855275198855
PLOT-017567,2.2048103558651233
PLOT-018370,1.5031323846623967
PLOT-017870,1.937699797966915
PLOT-016790,2.9041551919014927
PLOT-017476,5.605820117402621
PLOT-017660,1.2351372398668088
PLOT-018080,2.3215278838651523
PLOT-015156,4.059080042516009
PLOT-017587,3.47926498697242
PLOT-016460,2.327187436599811
PLOT-017046,1.9620943210643076
PLOT-018338,1.4441105013730062
PLOT-016850,1.6789443685687817
PLOT-017509,0.2756984197207715
PLOT-017624,3.874818757006856
PLOT-018410,3.3555230687765345
PLOT-017303,3.0554848751307695
PLOT-018027,1.9830623391122204
PLOT-017005,5.3231186103010595
PLOT-016185,2.047395568636657
PLOT-016006,1.3052208657958868
PLOT-015560,5.142870860535962
PLOT-017256,2.9049618951592886
PLOT-015910,4.791087729641295
PLOT-016311,5.475487101468145
PLOT-017049,3.6400065371222183
PLOT-018413,2.4673947608385074
PLOT-015269,2.4019609469675998
PLOT-016993,4.014358381910588
PLOT-015265,2.5922079583374957
PLOT-015914,2.7054335913469667
PLOT-017278,3.2964538512280415
PLOT-017231,1.7150292724306195
PLOT-018167,3.005985046774225
PLOT-018732,3.0529198951956187
PLOT-017912,2.449391742418713
PLOT-018114,3.2663281350110887
PLOT-015873,3.613274934409294
PLOT-017093,1.979449692856248
PLOT-017446,2.3532244549408095
PLOT-015475,2.3862790344663916
PLOT-016652,3.1052284396002605
PLOT-016960,5.266540516964624
PLOT-015045,3.2204399810349877
PLOT-015161,4.506354522037545
PLOT-018039,3.4440721731755657
PLOT-017775,2.1512007454333095
PLOT-017677,1.8800282540555058
PLOT-015288,1.9834113937912177
PLOT-018107,2.765428037215618
PLOT-018718,1.6991504485243254
PLOT-016948,2.0286517568313287
PLOT-015575,4.286943368592376
PLOT-015850,2.7202638001451667
PLOT-018387,4.168738418085078
PLOT-015911,1.8906442798159366
PLOT-016254,6.001016464555242
PLOT-016833,1.4883757515235956
PLOT-016722,2.278895921301742
PLOT-017133,1.3873367726203927
PLOT-016735,4.229447372131284
PLOT-015932,2.906480090573741
PLOT-016100,4.077769582102417
PLOT-016207,1.9730314517091867
PLOT-017295,1.2221720059145809
PLOT-016843,0.6408710316930896
PLOT-016848,2.7978198652351
PLOT-017524,3.7710756607342595
PLOT-016694,3.1894142575665443
PLOT-015085,3.199989570939292
PLOT-015469,4.7019176538722185
PLOT-017273,0.7524831693288132
PLOT-017822,4.24715292335314
PLOT-017379,2.8633103654020364
PLOT-015233,3.114480702832313
PLOT-017636,1.0959911980630679
PLOT-017523,2.2919778455592916
PLOT-018332,3.733494773314374
PLOT-018699,2.1353228712848384
PLOT-017647,3.809072359555085
PLOT-017469,2.660275975318788
PLOT-016711,2.4083655755542095
PLOT-015182,0.6446465764532148
PLOT-015988,3.4460393946963412
PLOT-016000,2.4599850847638622
PLOT-016641,1.7477489774250223
PLOT-016356,3.143083556773528
PLOT-016462,1.6027558242900453
PLOT-015049,2.2790445503184706
PLOT-018637,0.8977877005468669
PLOT-018077,1.547067102300329
PLOT-017577,3.8505989803301293
PLOT-016258,1.2644100639003661
PLOT-015486,4.121122422297887
PLOT-018715,1.0945786516633411
PLOT-017545,3.225253609514785
PLOT-016908,3.2678132167056897
PLOT-015106,2.295897262956003
PLOT-015443,5.121977302852789
PLOT-016954,4.159012433414872
PLOT-018560,2.758035653010269
PLOT-015646,2.7926753959593222
PLOT-018084,4.212456619806136
PLOT-016762,0.9135146342039894
PLOT-015726,2.7985685222151924
PLOT-017238,1.6266424786775224
PLOT-016856,2.8931227973819356
PLOT-017330,4.836725295639065
PLOT-015029,0.9290778362406885
PLOT-015169,3.5416053119203386
PLOT-016001,2.4459512143593014
PLOT-018252,2.7051487465416493
PLOT-017148,2.1679462345933764
PLOT-015197,1.82428582469356
PLOT-015495,3.1013685322157314
PLOT-017026,2.480947541479693
PLOT-015647,1.9444833027436728
PLOT-018035,1.147661408598895
PLOT-015044,5.1206561713860745
PLOT-017758,3.012745127082013
PLOT-015373,2.4141756067439792
PLOT-015678,3.4632128337317365
PLOT-015566,4.999284212525447
PLOT-017895,2.2284575620681326
PLOT-015460,3.3761008141388524
PLOT-016932,2.660127706874711
PLOT-018485,1.6632673612855553
PLOT-016155,3.1527827474337484
PLOT-015039,2.4595684978812407
PLOT-017482,1.4813942643698845
PLOT-015973,3.044889455799633
PLOT-018287,1.1981949777489684
PLOT-018055,3.2617065513186594
PLOT-018627,1.044375169780016
PLOT-018638,2.1373489955953873
PLOT-016786,1.0575279093421146
PLOT-016498,2.638263988834189
PLOT-017504,4.7038464316273165
PLOT-016835,3.506212954319243
PLOT-017308,1.9208390799939734
PLOT-016840,1.884487720805467
PLOT-017083,3.6590021231405307
PLOT-015827,4.889968527794406
PLOT-016935,2.634571789692017
PLOT-017044,5.160375288211219
PLOT-015309,1.9058737016405285
PLOT-015276,2.839051033333794
PLOT-015636,4.067936099104317
PLOT-015654,2.793293456411863
PLOT-015622,3.0816693262776758
PLOT-016859,3.30630382788685
PLOT-015844,4.022762391789529
PLOT-015393,3.4491882477697278
PLOT-017155,6.715807513484162
PLOT-015349,2.20294269332766
PLOT-017572,0.9230051977179121
PLOT-015784,1.7709081838885905
PLOT-015047,3.2713869509161184
PLOT-016978,3.84529539169615
PLOT-017251,3.6187207859543595
PLOT-018651,3.3253006479509555
PLOT-016655,3.0281214924226956
PLOT-017069,3.5253633910411146
PLOT-015402,2.6815078808177324
PLOT-016107,2.5325061772913804
PLOT-016154,4.00783105411754
PLOT-016439,3.465054750916953
PLOT-018749,1.578038104724424
PLOT-017001,3.763756125101052
PLOT-015989,1.6905021405187208
PLOT-016865,2.5338710783965075
PLOT-017789,3.771752427879798
PLOT-016310,1.748350502897526
PLOT-018195,2.019242399047514
PLOT-015033,1.3585013592225998
PLOT-015787,3.4111303724263653
PLOT-018588,5.198335053866789
PLOT-017971,2.081801986782065
PLOT-016043,2.9692776919154817
PLOT-015481,2.2088506677037327
PLOT-016243,3.3709997902663824
PLOT-017627,1.4868428330850774
PLOT-017529,0.5007753534363312
PLOT-015931,2.1626320599310276
PLOT-017404,2.3917089052064218
PLOT-016685,1.407292402685208
PLOT-016248,1.5314075230252953
PLOT-015759,2.4851283089412455
PLOT-015092,3.53642049313702
PLOT-016175,2.032636673132264
PLOT-016415,2.330643953665391
PLOT-016341,2.5215587445482384
PLOT-016472,2.5837229797833023
PLOT-017851,1.2008323272238428
PLOT-017793,2.259111872020932
PLOT-018594,2.170740736477474
PLOT-017327,2.3518714146200965
PLOT-016607,4.003129930223391
PLOT-015764,1.4997579244605876
PLOT-017652,4.424604223104949
PLOT-018747,3.4678764091721175
PLOT-016373,2.9047076544103727
PLOT-016951,2.4652618907037156
PLOT-018446,2.4571669112881183
PLOT-017448,1.945270912799328
PLOT-016728,0.6158443901292779
PLOT-015257,2.3385958179060995
PLOT-015944,1.5112249797792572
PLOT-018144,1.5252813233607097
PLOT-016219,3.0850647578274044
PLOT-018555,5.2507472510737925
PLOT-016161,1.3234137375612693
PLOT-017542,4.934785655326297
PLOT-015772,1.0527941810869508
PLOT-017598,4.790811130051957
PLOT-016486,2.2523795050509317
PLOT-017249,3.0880502648414874
PLOT-015312,0.8361600716117011
PLOT-015290,2.3073901869437106
PLOT-018261,2.4724615315334937
PLOT-015763,1.3545796289844505
PLOT-018184,1.5063472520344843
PLOT-017997,4.4082060870559765
PLOT-015183,1.6666211318607842
PLOT-016176,1.3760323091464497
PLOT-016349,3.9110671047766314
PLOT-018116,1.711545408209026
PLOT-018516,2.364462771773799
PLOT-018078,5.860527230622976
PLOT-017298,3.92457776187519
PLOT-017871,1.5659912074843105
PLOT-016099,2.5658329130300954
PLOT-018584,3.6506184744359933
PLOT-017988,0.902145030699064
PLOT-015391,0.6737767647835878
PLOT-016919,3.0186861674707446
PLOT-016456,0.9730279687940494
PLOT-016092,2.5810489257514253
PLOT-017022,1.8157567742921665
PLOT-018239,4.323486056337876
PLOT-015904,2.2930018356722472
PLOT-017778,2.6539172223247247
PLOT-017602,3.5606567408551313
PLOT-015366,4.485527903817128
PLOT-015345,3.280120829687072
PLOT-018656,2.1063931064088073
PLOT-017583,2.7359128219059827
PLOT-018470,2.660701043814126
PLOT-018257,2.24120472534903
PLOT-016372,2.6147216522514913
PLOT-016639,4.713310523704995
PLOT-015919,3.1172176277100205
PLOT-015211,2.7747625810201817
PLOT-016603,2.7766739629422257
PLOT-017550,3.9839199995872807
PLOT-015537,3.4908186132685968
PLOT-016220,2.9618484044264055
PLOT-015175,0.8676782089353885
